"1","2","3","4","5","6","7","8","9","10","Cement","Slag","Fly.ash","Water","SP","Coarse.Aggr.","Fine.Aggr.","SLUMP.cm.","FLOW.cm.","X"
-0.0782966144883686,-0.0920339412456296,1.58923592016893,-1.4278201418031,0.00244529821487681,0.512212707722287,0.762115606791919,-1.05393890829245,-0.104232326951668,-0.878691356135867,144.308504436668,106.523150827224,135.336363071446,208.245678412461,10.0221312256213,751.216171936537,883.394772585039,24.5153243921977,60.8732870910842,26.0207385541118
0.720943082348609,-0.494730415900036,-1.79581357145152,0.972928141516016,-1.89406513523636,-1.60801567599443,0.38098984314428,-0.50735974408715,1.11596156078153,-0.318579749470095,248.666469206356,101.049728339503,239.609201736384,168.953411311895,7.75056640285565,954.57226273137,641.768718195295,-0.0435443683714989,20.1299418239463,49.9452485862685
0.367423996365729,-2.01648629108214,-0.91820405339384,-0.823543700783763,1.69947216581212,-1.47172279751794,0.221388089140964,0.0105710983996971,0.786179286059433,-0.126044135342138,166.216738090486,1.27240778372699,259.232562662299,182.978323607242,13.0375937723955,858.986859696295,827.540993863353,21.18647276639,54.1589947411199,40.3452252454851
-0.798260119672434,-1.2960841275126,-0.22448103163393,-0.264313135583835,0.426395297461783,0.0368327284246403,0.0966673698794315,-0.186568559515146,0.663594618981924,-0.454123210171051,148.894392732491,109.606363369944,139.073350347791,192.84992999827,7.00553689137065,767.03052566315,901.550177410991,23.7324943528935,58.0585129184063,28.0168874230211
0.446574222683415,-1.0296016341072,-1.10331859362829,3.06142434553798,1.24685540399777,-0.332916444365689,-1.51508580460055,0.571413563829066,0.172563650582921,-0.250431186042002,316.839601576925,125.189674278473,-1.64750401507448,209.766629446608,6.04832454185014,860.289033604849,736.977062141829,17.3641776783787,48.2267224364545,31.7334000157361
0.109356001925932,0.184883706977611,0.706540851638285,-2.08200771973633,-1.64221475629443,-0.310100345077766,0.201131262293584,-0.128891760386075,0.511841234812795,0.912032742624448,313.176128012612,112.219316699644,1.00319197743144,220.202834978255,9.9813880049577,794.453002245072,789.087557455853,22.9199759579587,58.1231660230404,28.1901752903591
-2.02634573026598,-0.373906087617931,-1.41194815711833,-1.59278147649489,-1.55935549944611,-0.628532681380425,-0.589564263378219,-0.0267218929637012,-0.254367226652547,-0.63949816951611,294.505957387458,-0.226337371024721,239.832016549919,236.212770951918,8.29109487986282,778.50866409159,723.151889018475,25.1115439528643,77.2354055232007,44.1155585694414
-0.727590696764454,1.53199529864026,0.907813282558876,0.629024708578515,0.227117338611134,-0.749878703221624,-0.509384567211025,-0.564384323837073,-0.0297244794463589,-1.40971522562919,291.544413176215,103.694303614819,0.402710919920071,231.061769446656,9.02299086883763,857.288236698899,723.08015001364,23.0607241655759,69.2173727706262,30.4039469233851
2.55612459610528,0.287821125183602,1.47949796704112,0.87064195503529,-0.902240610142075,0.574388733003722,-2.15499848726092,-0.928011739081625,2.00901809842992,-0.903880796140294,142.083530554962,130.978088399453,167.559252522948,217.006045313992,6.016872768395,890.519145469211,671.214277842217,25.0152149737782,69.0888480814758,26.4567056738308
-1.69461265673856,0.724423669206958,0.71700568500188,-1.0901566013489,-0.781577698968498,0.541584355067249,0.62007765669389,0.109334660984592,-0.520709624979118,-1.14180977012216,140.223909707108,127.838196476493,163.212702490282,182.637505634639,11.9508187524392,871.378101213636,774.379275104219,23.708003375047,52.9751380081514,33.3145664626129
0.88514063974433,0.34481401306515,0.00300497271852607,-0.421743824283103,0.202085260286499,1.01279010101235,-0.199274819300888,1.81083492407638,0.427138469086749,-0.197200678131007,305.009869696008,99.7896862758067,0.951923378229818,196.02054850641,9.97288476928239,957.58610486959,704.847849625403,20.0373632159971,49.1016061934022,29.7403519239167
-0.364433636609621,0.303742262091451,1.88085645077848,-1.57918206486344,1.08764026198721,-0.127645211536732,0.693712671371484,1.4739145898441,-0.304585472381771,-0.33897350797763,310.250299824623,1.12051096858283,143.483128742046,217.855978463919,10.0064617859407,912.064554746029,680.130593735443,24.018731255401,61.8480476769475,38.5911705350186
-0.500317113802853,-0.991553968347612,0.50423567075497,0.129672826756023,0.73261435056186,-0.658273866859111,-0.57520454714159,-0.058089950863166,-0.716863064701593,2.2167089273436,145.135430818325,177.428406991222,226.546717801112,209.219256302719,11.0198718735423,751.140087549596,715.058222364912,2.50904178517869,19.957717384433,35.5486175152516
-1.6887625688875,2.12417781220966,0.399573641515468,-1.46429191837125,0.815083997088311,-1.22151524170705,0.0178032653257466,-0.805772840335398,0.630143187802312,1.12735431947001,321.374101079424,0.192691317237069,162.180433316921,188.217911811174,8.9630744197948,866.095493031308,777.073149365633,23.2968548528677,60.0149375899428,45.6585164711156
1.76998532858808,0.503952374648333,0.0333876120279075,1.45302385677391,-1.18320421490789,0.179758290034563,-1.79433184039196,0.644391959044024,0.128244341174166,-0.796355799025927,160.761499295361,0.298045551157921,250.96725270245,167.998887176486,12.0202294920218,1048.96457464879,688.169114039027,17.8981689279196,47.812946531773,37.6326144433032
1.74213512699207,0.12612021625166,1.01384177711096,-1.38864849781486,-0.564339043131505,-1.13828659368805,1.41443699717793,0.417540767965117,-1.76194222486328,0.484762880978662,373.395483538463,0.205469673571496,0.894672288082279,190.037185266526,7.01842508920795,1011.57419337995,729.791912273864,14.5150411785379,42.6392763137729,32.5094367075258
-0.914398715506863,0.0892413648097839,1.93029483757098,0.591038760168806,0.986616543806956,-1.72677056448374,-0.0709212390639955,0.923669555194889,0.821976001462624,-0.129344458262697,162.054161236475,147.530485496349,189.504091352805,178.831974505922,18.9949075291646,837.734473568419,742.378627495743,2.9972724676382,21.6168787808335,42.163413082708
-0.445019607907702,0.604761071477177,-0.918527743052009,2.57169555167959,-0.105554732690223,-1.69474322095162,0.1811796896993,0.0833723674584725,0.702421884017104,0.828237990868124,348.5032371114,0.16525275295441,222.809796017856,208.3395244605,9.59270614889061,785.942782068017,758.429208273056,28.7914622938383,78.0577766720726,48.7844311167058
-0.269037251453115,-0.00135839782426323,0.775549193432037,-1.55143297943357,-0.883920629658413,0.118065020841842,0.390183094432192,-0.0278839110734921,2.40865080749358,-0.472693504750414,318.891493203059,127.453669106963,163.776124864193,210.86403336539,6.02873547994133,719.558313295113,723.575508701692,2.06593273310594,20.0699531029589,46.3943779243322
-0.229187966805531,0.275255804451365,-0.921544507178898,-0.38296231405557,-1.57864766422333,-0.195176489296394,-0.244238218357461,-2.34552580267056,-2.80748447281578,0.0669941961638649,160.082902133927,-1.02442094090566,238.673233144236,233.350374961982,9.18959639304348,780.778491568025,840.510238889826,24.0563292320757,74.984186089237,36.1419495405351
-0.589300605232022,0.710124521375914,0.878614603688751,-1.39406450569606,-1.3756496781494,0.213315951488813,0.569323722034697,-0.954469745830225,0.376480200068154,1.32498556962323,354.597182417079,0.71362839337464,0.161168104448955,234.025671224902,6.02700580462939,958.683184401482,691.906176310382,16.9835763928032,53.9474466609253,33.9676161402162
0.224965817000233,0.380033328516298,-0.124637905124125,-0.575554668178509,0.169874480475533,-1.09422633317542,0.641984147415985,-0.630607225810967,0.140599720951292,1.04470345858211,165.134735633282,150.195445963734,0.00302600639035401,182.246321667787,11.9895577604416,1022.92101048728,729.877376728554,14.4834174909188,19.6909739915623,18.15188899529
-1.43533686647185,0.351700658990607,-0.0215211791943201,0.486770880964364,-0.338614054673915,-0.952126419989896,-0.0797616716573321,-1.02779830862141,0.0208845625510298,1.10715309781842,322.076104045423,116.010782427425,-0.226237258958034,195.785419266026,9.97139685969113,817.502554245178,812.818743980233,25.5115103815242,67.1091121814272,29.851017678353
-0.825609859485747,1.69266413974798,-0.577154615075998,-0.549758713082597,0.0750137603216467,-0.228925771741831,1.15337126764858,0.545843458760062,2.21617320232491,-0.751425880248403,159.098646964456,0.596749486930152,247.662678090962,175.081909351485,11.9675076586106,1039.71871729456,683.486424125591,21.1583898479459,50.8889105814284,35.4925684584257
-0.953444106131154,-1.69715794354634,0.127004115960246,-0.485122474973979,-1.88650356801519,0.801469333919001,0.163846822945107,-0.0250539742925595,0.104225785544666,-0.433316888162832,273.818539597673,88.6120390219231,115.436830349301,202.104206475736,8.9880343172092,758.496624260768,827.251239732528,26.7115383096349,67.7067326729421,35.3632303495084
0.827382254076421,0.461089144687579,-0.153213078203194,0.157224665081528,-1.16747992219839,0.0387968791026565,0.781084327302814,0.107433515316992,0.256738109325911,-1.43974856136795,148.088373700729,179.654487133209,0.614177924045831,182.916959380835,10.976517351439,973.311063502234,756.993185817012,-0.0627904550088971,20.1197282203353,18.5629400576381
-0.362072706320405,0.255160237688011,-1.30235056285608,-0.162879584769396,0.539572167466296,1.0860181959437,0.459956703011778,-1.25221690674416,-0.380784500125102,0.0560958042543723,146.36919483916,106.021119000374,136.969588778616,208.753703979318,5.97339248713448,875.993739706227,764.407858717064,24.1572070327112,66.5940517564887,27.8158651131293
-0.0185462052300027,-1.42709667537035,0.783244217890617,0.63110139435755,3.57078465640791,0.0441327090898942,1.079327587449,-0.414818624855216,0.0763745871681721,-0.47988802903809,137.255027932751,167.264651395504,213.762298718233,226.031745802535,6.00793789137118,708.490538783436,757.102971886148,27.4723082198105,70.0158555332165,34.479271870534
-1.32889907073762,0.505032465166163,-0.940987365186703,-0.0249179808800009,1.09951341217523,-0.764219760627274,0.167373689495499,-0.485984776099633,-0.316177751050539,0.0364167571574326,193.359125716429,-0.413073146335571,240.118290691726,234.279124300898,8.93107750887602,779.911636203949,810.448113542632,26.5420571216171,77.9368680618943,38.5718332948035
0.65588495212881,1.82007018018073,0.87607562650327,-0.551503677455771,-2.00626002534702,0.157548296121352,0.817337106627492,0.153806948522881,-0.813677011978761,1.21762768988027,151.631337263679,111.059277382583,240.638889330513,167.450364996574,6.43179352883352,998.15057691856,671.142121831406,14.5210827621118,36.907847167942,38.1756270379536
-1.69854082800942,1.02157441717053,0.150049266910252,-0.849651184174705,0.557919432024318,-1.43204491759089,0.78832579881362,-2.16042946323427,-0.825525379808817,-0.86933735042488,156.448192068913,-0.732422276393428,242.853137530958,180.172798853497,10.9840161934337,1024.02521245298,697.787422359541,21.0635338611457,56.6431826294184,33.9292086674079
-0.473588049763393,-0.13320201272597,-1.66356709805585,0.971691370450451,0.643007076020342,-0.389635779320862,2.07833502621237,1.78406465778804,-2.71032308369176,1.53742238569796,158.707230068331,116.068097674545,151.143021410961,174.709387717857,15.0028063639395,954.208133623162,720.769775306614,23.4518387958061,54.3908163966823,34.1165941374648
0.759072833695762,-1.59817307359083,-0.796204610510742,-0.360603711219336,1.21250329849651,-0.36884454761506,0.174648479222204,0.0317030689562463,-1.30372641031218,-1.45764238074452,277.128591024637,90.0801534611182,114.792654298329,180.150841275139,9.00558517657724,870.21531636178,768.49713691386,-0.0721915113579811,19.9655974056413,44.1782485671616
2.01397334489643,0.430112588917532,-1.54140226424433,0.0926467586726984,0.0890286891562632,-0.88580214646913,-0.859573645452453,-2.03120768766845,-0.142835906106977,-0.178102730208118,141.022171121946,1.20568859659099,199.848054182378,174.949547076712,4.38547011835568,1051.79523849475,780.991100293034,16.2360126249746,30.9897988630725,30.7647788329181
-1.48099864866338,-0.336957451921281,-1.74797494008308,0.428462476111412,0.959933332527251,0.395263702680249,0.597658397726988,-0.48905682189933,-0.518666870749245,0.333172530614354,313.284318430291,125.041917529308,-0.205564627590708,205.364795198809,10.969972896616,844.81049521001,757.926661603273,22.0248715818001,49.2774710011597,29.7228212868296
0.495533418789363,-0.906009010704832,-0.0918084721155088,0.130107023485543,0.0573487146731511,-1.14165486892158,0.0838526091589554,0.128751993326614,1.43659878056622,1.34166047047688,321.523120692847,-0.030002378254343,163.086600917877,189.668341313073,5.05274563169196,868.643450565645,773.862295681788,23.9136255907319,60.1231132222936,45.8746627393439
0.126997514213604,0.757556165118306,-0.622714366940286,-1.02256119588145,-2.01514283839861,-0.356452649972527,0.0451270094104765,-0.895689413330056,0.342061671278226,-0.855021202436035,143.088676896268,-0.616294510262182,227.66111588447,239.884519198055,5.94338045878302,749.098309477572,853.805510122012,14.5885933645396,58.4855964494085,36.6079007958079
1.32084043762199,-0.120633462944888,-2.23694756644608,-1.68738625789837,0.689088841753186,0.5850130567956,-1.35644397656424,-0.0746157310270072,0.62850636127351,-1.41923621068549,156.323715745322,122.562760098748,239.335055236207,179.814033986183,6.64146504292067,965.709854034633,652.902599184611,14.4863887830073,41.533101211487,35.4293966065617
1.05815196021666,0.824157027130094,1.62081931292391,-0.108573816021149,1.05415739115074,-0.621590194512271,0.00636395671908634,-0.363379005327975,0.47479890044852,0.944666237056089,307.411099423406,111.588505144937,142.523157509373,217.020916356066,9.97194359820184,783.019486080816,686.305540719724,25.0599091830469,69.8336984310445,41.978991358842
-0.808850963629796,-0.0485983545578189,-0.257137396629079,-0.493186803611559,-1.59232706319502,-0.829122652552871,0.764390213564537,-1.69900418424617,0.120637574091894,-0.337218401128824,141.565553570798,130.172919150584,166.471670556633,174.06516206893,10.9592445039755,882.8502073727,785.128492015623,-0.0378825084847272,19.992898553332,36.6978496381702
-0.102892408328233,-0.945093159667997,1.63169058360179,-0.578486094157325,0.788485933145772,0.302924003929643,-0.486868190079799,-0.510799355515381,-0.397793528649767,0.30917679243439,154.095950579672,141.599926956884,179.639465582116,234.077202959021,10.9963896504304,797.113515193261,682.723597696298,22.9463288871922,64.8057639580569,33.5572212981216
-0.264215647216572,-0.111899572954956,-0.224355216761197,1.04162226639145,0.954268590795581,-0.371184320199558,0.514952893097981,-0.336077820212327,-0.00549683714496606,-0.584909463862197,149.332065598893,110.332055460149,238.91908762747,168.141071403371,6.52618851261722,999.984010620413,667.274746682462,9.414597256007,27.8601152816996,37.8784679953227
-0.508136561693994,-0.418106961408133,-0.486108148236773,0.305180792582528,0.21822263197983,0.0446359347562595,-0.169462012538301,-0.316425245103951,-1.24584698501444,-1.88690786311852,143.25616889052,130.219532220504,166.289306989481,214.876740988673,6.01872112794137,734.115667850526,835.481453210679,25.5804189761133,66.7879559697547,31.3694627782323
-2.39946194439988,-1.06865607955478,1.13411974962095,0.545381344011324,0.978654502428494,1.32367086606107,-1.47544774851956,0.380766375648145,-0.564857880816153,0.178316077783759,141.509750235004,127.549095176833,163.942667922352,236.810858687639,6.01931766878942,868.152560274947,657.531068290937,24.0894623280081,64.9005635444447,29.5465851925323
-0.602910424568632,1.11314704285529,0.844326151688217,-0.494289011758582,0.542496152359974,0.350164317445326,-0.545978150916003,0.975357922970421,-0.798927134319834,-0.202723054237178,140.997688060253,1.61290779465273,209.031280587966,188.692656676317,4.57537780462295,995.55030579869,788.334433908238,23.5008370539325,52.895683224214,30.2958595856893
0.613874612841536,-0.059431145279576,0.464281573639472,0.737777330464111,-0.429732008139404,1.418468035553,-1.42443850678588,-0.0571897316828096,1.59976758275099,-0.00168044918968534,155.131646409725,110.966333486262,145.128250685789,220.036431858659,10.0346364166393,922.994741913505,657.88524690447,20.0237214267636,64.1158256615241,26.752690324545
1.73309864205998,1.08509727761201,-0.462127246644316,-0.264393522539604,-0.320542758875413,-0.140981856311082,1.90711338540966,0.646836166051626,0.721142006579763,-0.0355045542298002,299.458421664068,107.282360580147,0.92074444591492,209.8753174228,10.0300238836541,880.619760227236,744.794260679589,25.0516124781996,63.1368434156972,28.3490244324092
-1.26315621719592,0.335536228898764,-1.04765471049463,1.49516234990853,0.118382435339679,0.238613936195538,1.00408312064273,0.0529471538424422,0.580117559442352,0.412327963210007,142.297613297837,91.8647431393503,239.998924007357,201.150015297328,6.18217084792913,965.153919965311,647.979432414291,24.9399030375869,55.174655674653,27.1018875466458
-1.22011236575153,-1.0091631972882,0.802720297225789,-1.3407649133379,0.77463922573195,1.11428033326782,1.50304604443857,0.146288933449208,-0.308072068531187,-0.95080905215673,184.166530204785,153.265603380553,239.547268404152,178.933875138709,7.45691634429527,921.69116584903,640.745757125069,-0.00545525804365796,19.6766045694384,40.8578016170519
-1.100055042137,1.23949004904664,1.35058562710791,0.483315926984388,1.527740682709,-0.637182173478977,-1.20249097562362,-0.394185747565093,-0.35107063574359,1.42661870356534,152.507372825253,0.245206497659043,236.420356356691,203.930705329766,5.98943314618017,784.373442932744,891.816227331102,15.4195709255875,51.0986506343569,32.6651811027736
-0.282566796040572,1.44647259760546,-0.565103919588198,-0.765751096985424,0.67894898689928,1.05185178339011,-0.500069482975282,-0.774129822596762,-0.838727658539577,-0.926860227686991,261.219948207816,77.2521581376472,100.176624529191,200.997203724332,9.02079432438534,864.700475007859,760.251562720857,23.0034835300319,63.3433033960477,34.271888717794
-1.11098790075252,0.38615186404022,0.32702524163431,2.03203387740165,1.51269012245071,2.00486723176204,1.13011075125065,-2.00075120153807,0.0656615508267089,1.24258006529937,297.47742084537,40.5991176949597,239.925741238498,193.819567561773,7.49784745914109,909.791346848308,650.830358765293,27.3242642500389,67.1251904864673,49.1435209694023
-1.8253509264041,0.43172605358099,-1.67276814115827,-0.611552210891959,-0.0770387664448296,0.309566653565853,-1.92440482465516,-0.368815534272747,-0.136150106671403,-1.86623013491901,247.225007436609,100.08452613751,239.387320446384,169.264192273591,7.67701928374305,950.094220672614,644.963056334925,2.1075831756177,19.7207038334469,50.263724086612
-1.64954263960618,-0.193473315769691,-1.55592405061673,1.57620402903604,0.014566248937328,-0.87338659218504,-0.909817486997342,-0.96841063630384,0.119334294887911,0.562856043837843,293.96908540868,105.569505292805,135.232347697555,207.101178535361,5.97129434716323,749.243405331415,778.557622292983,24.031310772619,47.1516379344222,41.2006205337045
0.297852524121819,1.1538373546889,-0.0120711388701174,-0.304054102288027,0.265102590422701,0.145757254213665,-0.356148476797765,-0.156727023454941,-1.1810248863074,-2.15604007601426,139.684933142335,4.07865396673254,217.131296746663,193.990576881725,4.73767598048936,1049.55151634037,710.830743259149,24.5155406416155,57.2683028114464,26.445379857137
-0.213280385391477,-0.659010278310012,-0.829603464426616,-1.52445585672459,-0.497321603750237,-1.7034816531538,-1.35284161646553,-0.412697240753514,0.823494095863862,-0.130317863277479,161.820053708295,147.524210002202,190.723485547751,178.833628818913,16.0330750134009,839.26333727482,741.804580017798,0.878150324717817,20.179265975668,41.7931420135569
1.19261696702208,0.502401524526604,0.115648576921739,1.01617870495226,0.676621737309779,-0.443725548115228,1.66720882811068,1.52188993077329,-0.253267509393725,-1.31200055105292,331.250794622849,-1.01524284863717,170.103940745616,159.798920275099,6.00192398651474,900.705052221709,806.240960441969,-0.0483304848145453,19.8976171570057,58.5348388230749
-1.29410527403152,-0.248542270637156,0.462336419056865,-0.831366182301113,0.91440299661415,1.23196166633139,0.627657095641951,3.17611748262092,-0.219228967271126,-0.380923186034122,303.940493090597,0.402857985537925,240.362022798411,236.43561676936,8.35696493104638,779.381400385526,715.929888056428,24.9382209023741,77.6974615317285,44.4709529971702
0.124494120739792,-1.65705244608205,0.745040750244555,0.224408511915559,0.40878143219661,0.928932592633086,1.56298348182129,0.221135131488974,0.369304187608112,-0.881595185093687,264.767305460112,86.1570407653679,110.851400188365,194.779589487105,5.97276014237899,831.8914511327,789.033710710062,27.1018454703646,60.0108016307394,37.2752261306747
-0.45391859293414,-1.46212487652587,0.396957853349702,-0.595011449460233,0.347488093113949,0.285271240919573,1.01408296622506,1.33037654447407,0.0070723948468112,0.179483829065933,146.2346148159,89.8607129805764,115.222058733415,202.074400704932,8.96831405819296,861.533307301361,829.903085391596,23.0354568944144,55.1660340925466,25.2509508433398
-2.54658198355623,-2.10295109611123,-0.175540136262631,-0.94889171150142,0.398690735464892,0.320105616211671,1.3667818962544,0.236655146034102,0.825099806975954,2.59236153276103,287.027839061956,-1.07005041006729,120.194375172126,176.872995051355,7.01870514985531,908.845245397585,829.63535014746,22.5228196908725,48.6689594979826,39.8867550202336
-0.0374360036598165,-0.310333972407165,-0.658750802302304,-0.379278431582867,1.4075434007519,-0.691946314032948,0.512937838696779,0.79713939935148,-0.519430708731189,0.0525810268792999,286.085547533183,95.2126808909968,121.490028692945,187.913640215484,9.0134797715279,901.847400338245,696.239614488749,24.9835111765743,60.6959788561951,43.0747953059471
-0.487156708245384,-1.97507224557898,0.351285022266703,-0.0373349768874928,-0.813778280427266,-1.49422658362029,0.387317582963073,0.116829801820076,0.459716397410389,0.787907700803665,160.869351199954,146.049581965102,188.865718930156,202.582310052082,11.0137014366303,828.433850719971,709.474987125255,13.0625057699412,38.0481106042264,33.4137064852572
1.45036648973102,0.883775420827104,2.01041116170498,0.616226212111768,-1.0509135898706,-0.165729657106895,-0.138104981228525,0.603645858913132,-1.62295651872578,0.940958885281604,141.020672873646,30.4688301319331,239.172122032821,169.209105458744,5.30036736729153,1029.62024207052,742.838047959477,21.1919544938758,45.6940841794211,36.4443873835904
0.776180199004148,-0.491488129158212,-0.911211497210674,0.302055001152011,-1.15130594987354,0.30412842150413,0.188641634111835,-1.15619978843273,0.383303134442592,0.839793610925369,322.777805381884,0.843538995642641,149.08100988377,185.855425811551,8.01672467242838,950.097307714247,708.421236376716,20.6581163589785,61.425147892293,45.3885608563005
-0.782176151856777,-1.04871039034752,2.30397941496115,-0.647893252703381,0.880060679631438,0.271954794603025,-1.20220113468226,0.344950582196284,-0.404852626849765,-0.358106522205197,148.48239399366,108.707935208878,139.364850080369,193.102412993683,5.99221840121625,891.719693309615,780.159051952504,23.6157031470836,58.4629463864853,28.6840679167128
0.744643981369573,-0.796213593688867,-0.222000644101802,0.759636915835757,-0.429285215163305,1.16518150917272,2.76442295622598,0.175950040441971,-0.0542906075285869,0.342905762774695,153.870174055662,-0.979604856274813,240.413589058143,199.827698872895,5.98386113720015,1000.90251562121,683.89630118659,11.9544247436224,35.291745219768,28.1044206568506
0.896532862663793,0.920072702850381,-0.563966335821192,1.88900433079864,-0.395087673428472,-0.727644782156929,-1.24887324864867,0.482625071537512,-0.385369350440681,-0.849881303769274,349.338691871569,-0.224287591697997,176.956611271614,229.817327122761,5.98995976039766,786.234136943543,720.418650856628,19.9326298310777,68.7258844308506,43.9527814259968
0.143409709881008,0.179623646192329,-0.43053832033163,0.0100559840926929,-0.264309966208578,0.782924909437851,0.595928586395434,1.39488629415412,0.881989816138397,-0.289184215909395,356.80341604295,141.1936656927,0.0151749167877384,193.156489940021,10.959210430328,802.782519734744,777.409828904372,7.71848778637717,29.879347354017,36.5359327384834
0.0892270448546136,-2.53531026260187,-0.304739130350914,-1.014118750045,0.854622484066531,-0.150429692905162,0.783272362978158,-0.229135480330991,-1.19899876104462,1.18816477667583,172.655733407921,158.716338984462,239.877045790726,166.62402686107,7.3794170079348,952.392270847151,644.608676869792,0.00413927653789267,19.9995966720183,41.7622273995146
0.353749131055579,-0.0360011365455887,0.120247576171952,-0.102449884046387,1.43898964622277,-0.976148126744189,-0.931865894606204,0.480195643746956,0.919911610845121,1.18626096245357,139.805154989551,44.4436965924653,235.61325434272,171.597574703287,5.48251743593302,1046.54917452593,706.3299624474,23.4984937755972,52.426751276612,33.5878273816284
-0.58190966000712,-0.242153272952894,-0.440147066828843,-0.0449268128096696,-0.367272077085348,0.733575315772634,-2.11053099187067,0.72966184427191,0.759488994370167,-1.05468899998925,251.73469955941,75.7644835960654,97.2208489687331,193.847158120689,8.02604193940045,833.564937979282,821.136235390456,22.9303386860454,53.8473173483117,33.2257525440155
-1.96920863632776,-0.408632706479422,-0.0470979854675532,1.38178795688287,0.428652171743479,-0.356786096624406,-0.804181683970873,0.45171508001244,0.0788120609432376,0.146978479181452,159.659038650632,-1.07754445421673,187.26739092554,176.082496893429,10.9979324398194,988.969575631709,789.181958308985,12.1433432132939,38.9981053839373,32.6813524003243
0.547819321036522,0.404245410062579,0.0786634708298264,-1.8894955912166,-1.46555050565346,1.0726396496183,0.810552156754699,-0.398826315824714,2.36137977578113,-0.245186288989296,293.830886542507,106.487182663608,135.988599193752,205.980732433755,10.9951507641968,749.367616343903,764.969036159708,24.8598511944588,68.2627166245681,40.8554487062686
1.04079342845147,-1.49855924788677,0.148552148390118,0.584332202484475,-0.831693793744375,-0.391607201435879,-0.57173652274186,-0.307086246581515,-0.754869384551932,-0.81340914366289,151.145836337084,139.723198928801,177.555288237632,168.078671486946,18.0012483271215,943.544653143862,694.816044340029,0.0615304346190229,20.3439259011205,38.8548105798431
-0.572703024834412,-0.775310792101776,-0.420774540994354,-0.257431383154461,0.443967581508033,-1.50086617179642,-0.791022571222168,-0.147843230919358,-1.52673361713022,1.00103110244851,279.867131574731,91.5720389855426,117.550730168895,206.531087831384,8.99248394462613,882.251976514183,678.835090452843,25.6945760502149,63.7146967507673,37.3653930876251
-0.833522240461971,0.632009384024151,-0.203018249884618,-1.11235472586412,0.0221753781545832,-0.927195544794159,0.0346170301153565,-1.48914780758867,-0.388348315923835,-0.376897301033352,342.667908731125,135.630809545637,1.61148117052504,224.689252154979,10.9456113690912,768.563944334685,747.033859655428,20.9294204347759,60.9461694623498,32.1554422397351
-0.152232451137016,-0.455023391583376,-0.594508131289909,-0.59084050419646,-0.342649438584905,-0.369447098141038,0.32181345578289,-0.594573624053986,0.923117238822387,1.21143473032278,290.30067969165,105.230378174109,-0.13318992885135,204.892037222178,5.98839309121232,858.417715953945,796.551124019045,23.9761963223198,58.7960274487913,27.6276934230649
0.215309992473974,0.10198497511396,0.00835754365046202,1.46959453920242,1.31553055165185,-0.335871702180398,0.289948314891328,-0.838315299123905,0.69144637609374,-0.367870258159504,304.378035688432,0.445469676133512,142.040309134057,213.92334847118,6.02691533916564,895.83451372978,721.448872812552,18.8609199285675,50.8275812732025,38.5039151457711
-0.171410130449505,0.350336552757315,0.974241774500676,0.287359598281102,-0.421146902505181,0.474770717048176,-3.04914844675026,0.215385003891063,0.376377301750671,0.145315745161112,325.532546962569,0.717243930440938,166.417572034347,174.067463922571,5.98110420851841,882.366511840639,791.934494756406,21.514173049046,41.8911241901974,52.7709862187088
-0.0287032178727724,0.134323076355802,-0.0183697542297526,1.3141450805965,0.317172827450338,-0.0541069262137066,-1.55592712673539,-0.739830141144848,-1.27472558658532,-0.407502474351247,275.195363069396,98.4183129360267,127.439875996873,184.153527258658,12.9686600832624,810.316723998291,791.090155017907,25.6350443720953,64.0665300101151,43.3420136909438
-0.751625834142614,0.924953777733549,-0.0160501837701547,-0.0278777457059401,0.936105318970226,-0.878313169133758,0.239978412910154,1.29748407643858,-1.26028127530932,-0.532292591047204,271.761842736445,81.5579043734681,104.199722240927,209.842063652888,9.04701440866452,903.973296644988,680.822609902078,22.9402130927898,62.095556984352,35.0055900231477
-1.78142857299271,-1.80390711420546,-2.53001697642398,0.734509407967455,-1.15479102856535,1.45191205761361,0.444280380104237,-0.700035934682652,-0.825261142262101,0.0826383478185885,310.043412250685,0.0478688835764898,143.031481239,167.938889303749,10.0431897003891,913.922878720213,802.71561845073,20.4839675863911,47.9289842144021,49.171589872867
0.595830405197838,-0.0617106261219268,2.38371501006272,0.156052582704727,-0.335771370761881,-0.00837070371470968,0.513142395956035,-1.20225531106519,-0.167103314797036,-0.804555215836098,306.296850811117,110.633689383773,-1.25931729469976,188.893085586522,10.0057066972615,904.418330169609,763.988095068734,22.082920072563,39.8269900768452,31.4259740152027
0.950316373852086,-1.31992903032162,0.601494508792187,2.20637594156548,1.5296275252939,-1.67710778610983,-0.665798768497387,-3.59543788655758,1.24200245398153,-0.100147544520643,162.993150738368,148.880879231914,191.605030242417,179.822467302159,11.9468334322924,842.939841737507,745.392113481856,0.0970578919461653,19.9001584661066,41.078730373092
0.433879682224932,0.690965099904173,0.484276529378654,0.227791200876268,-1.03127616913082,0.341565866091232,0.366526462808372,-1.61604621957322,0.363673253827596,0.517392752937176,139.717423858485,12.2526288681391,226.713338963464,208.239895607349,4.89694149001413,1020.09507186892,684.581928590379,21.0488452459636,63.9731456571945,26.2905994326888
0.4621996182784,-1.05294905337725,-1.7532438668764,-0.814819376475927,0.856073126745798,1.25051417771546,0.161048890238424,-1.96169714756908,1.5226895642692,-0.923512196625704,295.391831586428,97.3304075688874,-0.223529074560799,219.478903522029,8.98527393214832,931.319721705774,684.962510589426,15.0503926201136,48.7165690937663,29.1786004989084
-0.608714579480057,-0.167735437166618,0.821588482666228,-0.0317530678051671,-0.652493924710371,0.974610873558918,-1.17627376037415,-1.63351899274664,0.600094190300493,-0.837177911017843,215.675128659908,112.01311707503,239.05065796565,198.774801793539,7.42614929290486,884.463451055484,650.259163401207,27.4113033884775,63.7280944606184,39.1683886323117
-0.223481804460191,1.31544747766581,-0.252696406529161,-0.734931980399283,-1.1489980405311,-0.0578971117602994,0.79751308484622,0.397416926849512,-0.695985753506605,0.0577287657947379,144.494023277601,179.514118461685,-0.704089118506553,192.032109816312,11.053549601988,961.837131402004,749.135621933833,17.8931257682379,45.8525314139196,17.1970761674871
0.488343391423605,0.51964048498247,-0.0335661373740051,-0.196005206912663,1.26070431124247,-0.621830663148374,-0.377885346657647,-0.147269646958659,0.576188437277379,0.535289389366662,165.030015699243,142.338449385143,237.793083851151,200.342131199655,7.06699923954707,883.216264285663,651.565423399365,17.2575826509595,27.0635009441266,32.808606718498
-0.258195733968992,0.690089231530904,0.302702386562366,-1.26521172987568,-1.44054059450876,-0.823313296503289,0.579831229121421,0.757948220709109,-1.29011832663757,-0.413440920860098,171.877810458628,161.784714818967,239.175816831314,166.173689095184,7.42770323976067,952.246067440891,641.782134871795,0.0139988081174127,20.0587523947174,41.587325912776
-1.2835921149037,1.18693025442272,-0.00847775061632041,-0.355632037809305,-1.7690232824646,0.102720423475541,-1.7580304863603,0.757716207886023,1.57552443496974,1.36028485795927,259.472329331448,88.3779047758012,239.654180473068,175.362020237137,7.58800968282599,937.975519046837,646.834062284018,0.0442648853844571,19.9759621881127,50.4731130476438
1.25404083282629,0.738582914277992,-0.613365498580667,-0.0850081320367114,-0.890898148422173,-0.127204564944371,-0.720102795556664,-0.45798506637193,-0.425283465592316,-1.05616210294595,310.686296868948,-0.602759021380739,143.135760605406,218.054677320213,10.0314054091705,785.915712476012,804.991763861395,13.0014030967734,45.9329762450509,36.2492788012419
0.280374062249757,0.197848670578535,0.445859168618067,-0.349728151147925,0.650689799494484,1.35223466281001,-0.505134195999361,-0.448295357549314,-0.971699012666147,-0.210576997261336,158.020691188125,193.058569437791,0.142243923412279,207.982412055538,12.0040515512335,820.748626692452,817.757376654722,22.8607854316333,49.8907451313556,19.162233875374
-0.432454848573494,0.711967297386641,-0.321216094196503,-1.1320170011621,-0.413444121438068,0.9341128043068,-0.557354202676074,0.493743247411107,-0.233690033717703,-2.07564039581319,278.408339621137,-0.923129282631164,116.582324652881,204.836815278193,8.96008701147508,875.907952988863,799.127337031653,18.9622682435683,47.9374841273199,32.6448480146697
0.906690868598465,0.52701158411187,0.122184328069348,0.726215698486003,0.820168978381207,0.037352575930368,-0.997370156035384,0.0718743981654446,-1.48224811229458,-0.736651068322689,336.722657279845,133.282418745927,0.620673179023006,221.965979854333,6.00028211857359,756.489830142337,786.781168605459,26.1464432498532,63.9797512210532,31.8736918072584
-0.62210884142946,-0.515600434366965,-0.780890428245077,-0.330744124527817,0.453523751036925,-0.146708214734693,-0.119148852408516,1.08347042917952,1.63499363492199,-1.50735889107367,157.855065065899,0.636314183759054,245.518599742803,173.83398660987,7.02373349393374,1034.41639392939,707.297320560884,19.0606985114416,42.9236535073986,34.9130488791367
-0.764002397356438,1.37342735462109,-0.0730142573214842,-1.00603055253783,-0.957185224365627,1.29523448709326,-0.427749634606391,0.452193311955672,0.127619116395396,0.893289109839691,141.274157107218,60.9415975808549,237.862244930178,182.493832811916,5.68609723224372,1018.82042294444,680.745608738399,24.4621064283786,60.2040973895604,31.0857353388656
-0.579872956345175,0.410558762534475,-0.537399417452143,-0.268797335709845,1.02890604256298,-1.39991068700631,-1.01504221672786,0.0792239193228295,0.242281733447976,2.5200516659419,296.560649691484,107.014916588493,-2.02972634275233,186.081282773605,6.02446707302335,879.798236290606,814.402713988049,2.92720745369947,19.9877535652853,31.0040727792337
-0.59714939500107,0.0682749324674877,0.612611968832954,0.915483243495248,0.745715499573175,-0.0837994714246065,0.862008457623548,-0.907404440301778,0.413815388680609,0.16460038759413,294.955704260732,106.635595462236,136.888223951681,208.09644480245,6.00191896641995,870.649135368172,650.31620961643,26.5691114080269,70.0990038028099,39.4161122029273
2.14894309371866,-1.51520877629632,-0.890370187558239,1.54151119644729,-0.567905213030605,0.773080038700217,0.862352691865772,-0.814113246964257,-1.04511520416047,-0.72889088769518,312.519112829549,-0.282938194031719,160.315224952018,206.828704459686,6.00090754574725,850.152477845368,756.709941128231,21.4185589936393,63.9869749252069,41.1165586283787
0.874333475902769,0.387159760671298,0.664936855833838,-0.552937401164738,0.379380264608404,-0.165063761763466,-1.4268864119754,-0.616582603375364,0.664269410091852,2.20960318743648,297.055013965203,106.880372589015,137.534765254135,201.006134547414,6.01273063274998,877.767957279146,653.82319684248,15.9305516533698,26.3626190576191,41.223243220524
-0.957688357781887,0.468696694580633,0.600962328266697,0.730776244475338,0.894033750173793,1.8315976447414,-1.6996672692116,0.269766340176333,-1.6120173682556,0.56495741796431,365.385476511187,-0.159749003402819,187.426161893562,190.705695874408,6.98851908837992,823.576851989324,757.642871904455,24.5520762464159,62.4225146340503,52.6432177327283
