"1","2","3","4","5","6","7","8","9","10","11","12","13","14","15","16","17","18","19","20","Cement","Slag","Fly.ash","Water","SP","Coarse.Aggr.","Fine.Aggr.","SLUMP.cm.","FLOW.cm.","X"
86.1070472792226,145.330320012919,24.1176210055596,10.6389203448091,204.078861885157,215.988708739415,104.264889868513,19.8710880158868,77.1666620966534,57.0473688543711,19.4822990176393,60.5357999531861,11.9779430851631,67.6647825350255,885.802674773621,919.866016418064,11.9860739588107,898.108734848319,25.1876045928249,822.149540695745,144.308504436668,106.523150827224,135.336363071446,208.245678412461,10.0221312256213,751.216171936537,883.394772585039,24.5153243921977,60.8732870910842,26.0207385541118
13.7998885737122,264.457167215806,0.216989125694649,5.69791761767361,164.92677181065,145.793007183962,234.595946971378,1.79173836383713,286.93172614237,27.8930292405648,-0.382505575437512,-0.264010029622973,6.79385352138292,37.2917402863443,696.151608854215,700.265535507183,9.46219393211212,576.812795382722,5.78439442036965,649.909543593183,248.666469206356,101.049728339503,239.609201736384,168.953411311895,7.75056640285565,954.57226273137,641.768718195295,-0.0435443683714989,20.1299418239463,49.9452485862685
51.6729685557571,154.926022582793,26.4688716264536,14.4034908880143,202.391494676734,184.288198891404,325.547888646239,20.4360332327748,199.470216101947,61.1146956754635,18.3658423255016,56.5253804458557,13.5147003759234,39.1722188759378,859.89884192742,889.789487979136,13.148297466011,849.96064276009,19.9040161876456,753.246067274746,166.216738090486,1.27240778372699,259.232562662299,182.978323607242,13.0375937723955,858.986859696295,827.540993863353,21.18647276639,54.1589947411199,40.3452252454851
58.2276784935397,93.5723680031609,24.8447714295217,8.14163807744868,175.465670163029,201.412517643297,120.106634004636,14.485890473932,179.922119451495,46.4816793488011,22.2773567486182,66.4181664203638,6.31132824286726,54.16043052084,903.918075368663,903.552496671014,6.66279161916338,870.596845902939,25.6543365312704,911.361781119609,148.894392732491,109.606363369944,139.073350347791,192.84992999827,7.00553689137065,767.03052566315,901.550177410991,23.7324943528935,58.0585129184063,28.0168874230211
46.8379273396939,335.621719910578,23.3028790401335,8.03932737182137,221.28495005509,213.40325773328,36.7094693361179,14.4015001574888,17.794246038046,52.1549024375717,20.0392214330728,48.9888611578969,5.29334928852346,39.2906810617223,794.754243320731,747.015170891546,3.70392552390009,816.4803067229,22.071007088269,750.473272144466,316.839601576925,125.189674278473,-1.64750401507448,209.766629446608,6.04832454185014,860.289033604849,736.977062141829,17.3641776783787,48.2267224364545,31.7334000157361
64.9028675633735,290.371803754282,14.6343656229117,6.57570856243267,231.908907279242,236.505349647005,-60.0255467273439,20.2034723043829,-103.020970313534,47.9062887791263,16.7884746773319,59.5560687824516,10.3991474282627,52.5695363046911,817.706727320041,827.5343601718,11.289742476078,852.94541378372,22.6589925125176,801.695948793009,313.176128012612,112.219316699644,1.00319197743144,220.202834978255,9.9813880049577,794.453002245072,789.087557455853,22.9199759579587,58.1231660230404,28.1901752903591
68.6564413046827,261.599927003506,18.0942706280341,9.8702750538602,221.915771503432,229.438719985722,250.08403024272,26.1742617184451,227.855590178926,71.678659259557,26.824759660746,71.4888247166384,9.35003393831023,75.554670594359,803.999138184292,722.791158067829,8.25703477529933,736.480590818539,30.8801583161777,746.020262353717,294.505957387458,-0.226337371024721,239.832016549919,236.212770951918,8.29109487986282,778.50866409159,723.151889018475,25.1115439528643,77.2354055232007,44.1155585694414
83.4640298034767,297.970756075061,22.8176510756111,11.4612126732009,239.203934789804,231.866948383085,1.39800396764402,28.0862278150417,-8.88772245098211,62.5670674451529,21.6885261037594,63.8508837509631,9.35334799679554,81.4579615586237,764.682636731806,710.430399007687,8.74589397375689,712.720739785305,29.1595057714547,715.369022738395,291.544413176215,103.694303614819,0.402710919920071,231.061769446656,9.02299086883763,857.288236698899,723.08015001364,23.0607241655759,69.2173727706262,30.4039469233851
70.5140088349961,114.911832201141,19.6176710179971,6.51312981861671,225.75247354256,231.994828196304,204.887045716877,24.6899942827074,206.767605680013,58.6274295322244,23.5763138513562,63.6440376908324,9.0721555780278,65.3238251473019,637.126943020599,705.975966307803,4.42545845818951,695.399752395497,25.0784804962581,666.90524457717,142.083530554962,130.978088399453,167.559252522948,217.006045313992,6.016872768395,890.519145469211,671.214277842217,25.0152149737782,69.0888480814758,26.4567056738308
59.3051954749225,122.239698578751,18.8867822309016,10.6233264676304,174.50936707783,181.07180900877,198.928950325898,25.7509540867324,131.304451265552,53.9437638929238,17.0575611078897,47.595346736766,12.4507798524136,50.2387398574915,809.664198184586,738.859357970166,9.76225333824692,745.747921687369,31.3910932543955,796.621679127517,140.223909707108,127.838196476493,163.212702490282,182.637505634639,11.9508187524392,871.378101213636,774.379275104219,23.708003375047,52.9751380081514,33.3145664626129
44.6820648701789,335.133040243564,16.9998301301322,10.2778523566985,207.160300114639,196.830931151675,-93.3457469380214,24.0113592703273,93.3074371982763,47.159212676554,23.4938174485418,48.4484869503704,12.7591485096892,44.8437222351979,689.92732261672,760.867425022947,7.22698406117918,715.128182359624,29.2503365092852,680.127050512449,305.009869696008,99.7896862758067,0.951923378229818,196.02054850641,9.97288476928239,957.58610486959,704.847849625403,20.0373632159971,49.1016061934022,29.7403519239167
72.9475167767645,265.252591495258,20.0399271812814,10.9077311215738,199.723822871705,223.069965791472,115.961446533039,19.7789658282995,150.904381463963,80.6029234297803,23.6196598313901,84.315034717411,9.90949011979382,75.5501118623872,734.291323520053,630.989763292962,11.5957417632211,648.127518468088,25.2649029822682,692.389304465854,310.250299824623,1.12051096858283,143.483128742046,217.855978463919,10.0064617859407,912.064554746029,680.130593735443,24.018731255401,61.8480476769475,38.5911705350186
23.6974977047765,99.0160637515485,-3.87774005577065,13.1002754564054,207.804136294242,199.455715834274,199.63492318387,7.88444039508145,206.699586318458,18.1133007496731,2.12022783687486,0.632553367482846,10.6908573900353,28.3600153018644,755.829217163181,661.789231458717,9.99093570997371,746.446662741702,-2.47194249982174,763.507114434071,145.135430818325,177.428406991222,226.546717801112,209.219256302719,11.0198718735423,751.140087549596,715.058222364912,2.50904178517869,19.957717384433,35.5486175152516
47.8853465184131,318.270041647809,22.825537422267,10.9512712040988,192.740025701353,193.944875106426,151.307571282637,19.1388498133376,151.839578273226,48.2079205061318,30.8207195258073,55.3621708054269,7.09530247366871,60.4717494959096,758.762227125436,789.84831684897,11.024716399772,718.267083187867,15.022284190986,819.896927691101,321.374101079424,0.192691317237069,162.180433316921,188.217911811174,8.9630744197948,866.095493031308,777.073149365633,23.2968548528677,60.0149375899428,45.6585164711156
49.3572076531691,149.353745184187,8.91861648584591,11.8563349595566,174.934042483633,173.22659981824,261.090451086801,15.1679989035651,243.285554261788,52.8235216383766,23.1789321773227,39.776921349536,10.097254210226,28.632183353863,724.016551735358,686.667168054884,11.9091503790991,705.728522962599,15.0209640326781,685.765077461314,160.761499295361,0.298045551157921,250.96725270245,167.998887176486,12.0202294920218,1048.96457464879,688.169114039027,17.8981689279196,47.812946531773,37.6326144433032
45.3726887896853,396.250314248915,16.8083572533818,7.09325333499977,200.328292390306,198.380041030922,-0.693053639435878,17.4698385481915,9.12393304263671,48.8777325189215,11.3993733532088,46.9689853549183,6.38909450975173,37.2609664756197,738.397996402234,699.716142036233,4.05550979247892,764.778560748325,14.1767100708642,719.701075643964,373.395483538463,0.205469673571496,0.894672288082279,190.037185266526,7.01842508920795,1011.57419337995,729.791912273864,14.5150411785379,42.6392763137729,32.5094367075258
23.171022491143,166.065304778339,2.26520563367792,19.2284998752238,176.861803726708,161.24107837193,199.941027941515,5.84118629215477,153.846192834078,21.2096289344802,0.582734257060769,21.1488926804893,17.932645229074,18.2561443590948,778.407753229731,744.375376070306,20.8654593956888,729.993228104063,0.0300656224939471,698.071047104941,162.054161236475,147.530485496349,189.504091352805,178.831974505922,18.9949075291646,837.734473568419,742.378627495743,2.9972724676382,21.6168787808335,42.163413082708
87.2649335652739,292.477199997596,28.8924391318429,8.96717806810929,200.981547850132,202.101888304185,204.247561044973,32.8153927645789,207.974421856025,86.0320717697966,21.8886778982603,87.2032895450207,8.72543886268053,63.9235860604288,719.068248239156,748.60474508329,8.98310434902162,768.208487358271,27.340745369516,801.855853241156,348.5032371114,0.16525275295441,222.809796017856,208.3395244605,9.59270614889061,785.942782068017,758.429208273056,28.7914622938383,78.0577766720726,48.7844311167058
32.1402545556461,317.983172554896,6.73628933875671,3.96746740205114,206.422052502434,221.939038438163,247.874962801935,1.55692911887243,146.955963783465,22.259422201758,12.4387704973836,34.7661619254171,4.34086993289848,41.5901452411765,691.403055674325,707.773742221961,5.46186760651756,693.492477412519,-0.707537298074347,701.774409600212,318.891493203059,127.453669106963,163.776124864193,210.86403336539,6.02873547994133,719.558313295113,723.575508701692,2.06593273310594,20.0699531029589,46.3943779243322
77.1050255534023,149.029654554373,28.2598420611907,9.32828638161657,222.672485575888,240.375823767067,188.702161109171,25.9330463686166,312.247902426964,68.388097335611,28.385666490316,67.9233480876907,8.48692320723313,68.303611294289,871.65025088569,790.473163765324,9.3914728351083,862.653360698839,23.5577954226426,840.508666811385,160.082902133927,-1.02442094090566,238.673233144236,233.350374961982,9.18959639304348,780.778491568025,840.510238889826,24.0563292320757,74.984186089237,36.1419495405351
54.478235523527,252.486195879566,12.9946842388506,6.44000277824289,223.42292475169,244.57061246373,8.96974301461291,13.4920386198574,45.6607818423138,38.33412172397,29.9087227786236,46.0983372666154,4.12162593476567,62.0413841699523,740.299372007407,733.240970291581,5.11750119810452,655.816194063203,11.9877557163658,730.345702182303,354.597182417079,0.71362839337464,0.161168104448955,234.025671224902,6.02700580462939,958.683184401482,691.906176310382,16.9835763928032,53.9474466609253,33.9676161402162
19.6038213109799,204.834118080541,17.2954516214192,11.2066089762351,176.493666487,181.537324744169,43.7240789195936,13.3811283866979,-71.0310654902724,15.8173528338928,16.3623066058264,32.2823717003202,13.7677812760665,5.38602338793453,783.822966103533,722.409991737956,12.4970668880942,766.978761679388,12.3865042120746,756.129442870213,165.134735633282,150.195445963734,0.00302600639035401,182.246321667787,11.9895577604416,1022.92101048728,729.877376728554,14.4834174909188,19.6909739915623,18.15188899529
58.6436926532895,287.567694747679,20.1787590734876,11.7806862077839,202.123208709857,194.138573702066,-29.2460982243424,29.3216817925275,-16.1745893021526,66.6035993771198,24.2946354180647,81.0489878991573,9.51492792168629,64.1597595266001,798.781160942974,804.781451108024,10.1235119386213,818.553533691185,22.5592529264534,812.254329740712,322.076104045423,116.010782427425,-0.226237258958034,195.785419266026,9.97139685969113,817.502554245178,812.818743980233,25.5115103815242,67.1091121814272,29.851017678353
50.8596376431622,116.569674548232,20.9539990506869,10.6011583243193,180.861821864336,166.947895799275,251.10752929915,21.9768341193649,196.372643527222,60.7030268996215,17.5276165834404,64.586468052032,13.3189531538371,51.1458605065931,705.870372467004,608.723487693638,13.518287056184,654.292549034157,27.2524483549412,720.154384870895,159.098646964456,0.596749486930152,247.662678090962,175.081909351485,11.9675076586106,1039.71871729456,683.486424125591,21.1583898479459,50.8889105814284,35.4925684584257
63.464594902699,346.6257247089,28.9224133409691,10.6204471701632,183.828322625596,195.069371959404,78.7439341671598,24.8958915948229,149.95914496396,66.0868316735717,24.3154616198777,54.3681067405937,10.8388562067796,73.5555780522461,817.033142806373,856.993694277464,9.30557306096989,776.146246631168,19.9730478945014,786.890928002312,273.818539597673,88.6120390219231,115.436830349301,202.104206475736,8.9880343172092,758.496624260768,827.251239732528,26.7115383096349,67.7067326729421,35.3632303495084
20.1030933836508,77.7728296552413,1.23271562982247,10.8447376689684,196.701804998973,157.400288663712,18.8653107880518,-1.48419268922463,-26.6372733205,20.1810572392773,-3.1254464332446,18.0123652700319,13.0039286027776,21.8107804730684,719.305625783349,772.248673165432,11.2328078924944,814.244400727614,7.47167633844471,767.929312740985,148.088373700729,179.654487133209,0.614177924045831,182.916959380835,10.976517351439,973.311063502234,756.993185817012,-0.0627904550088971,20.1197282203353,18.5629400576381
62.6460769327723,138.417371338846,28.1444250696915,5.32288858146007,221.835262144258,216.588012558491,100.317099679621,16.8732845075814,63.8419465709089,49.388445990413,18.0960686882691,59.3537255725876,5.80328658571053,62.9292214950073,855.006754148242,709.763216333656,6.57317662302313,791.542739799496,29.1852036596996,763.466297215968,146.36919483916,106.021119000374,136.969588778616,208.753703979318,5.97339248713448,875.993739706227,764.407858717064,24.1572070327112,66.5940517564887,27.8158651131293
65.4906865660526,90.4969326044266,30.9604087562005,5.90565384901298,241.518722464413,236.327364316315,267.332135516158,30.3940750040619,193.293860266172,74.0849979474716,24.4973168733307,84.9467536558197,5.52221679037503,72.6753201874613,736.817831870439,712.398661445457,5.26690415378475,776.309075941461,30.8701348690327,775.670226803345,137.255027932751,167.264651395504,213.762298718233,226.031745802535,6.00793789137118,708.490538783436,757.102971886148,27.4723082198105,70.0158555332165,34.479271870534
84.7821272918315,227.253628719086,18.7501238296334,8.99216147340388,235.73463985094,237.425503770849,238.672857644326,23.1761620894944,228.960956657578,75.2492716390623,25.5820449305792,66.0165495532252,10.6646496795568,90.5886530635601,866.113064959098,775.455486659615,9.84330938000785,872.799405314394,29.9592031244474,855.423508226322,193.359125716429,-0.413073146335571,240.118290691726,234.279124300898,8.93107750887602,779.911636203949,810.448113542632,26.5420571216171,77.9368680618943,38.5718332948035
41.625433477299,217.816363222355,11.6751360461336,7.68376503424829,162.430530918162,177.202187270052,258.348869041114,14.6486297716142,288.226287073963,41.5757605664118,7.4155578913048,45.8601150911599,5.63283778355709,35.7538970352324,695.036322860289,668.921207265846,8.12742527998008,681.46736368713,17.9139488740528,655.525657524417,151.631337263679,111.059277382583,240.638889330513,167.450364996574,6.43179352883352,998.15057691856,671.142121831406,14.5210827621118,36.907847167942,38.1756270379536
78.1662314570005,206.883286061379,20.2167610088836,13.2637329675427,168.499398413222,171.961085059872,221.151033033752,19.9576629958965,272.897584903038,57.3306569051033,25.4198260721043,57.4389386531795,12.918490917559,52.5456127889043,716.273208957587,683.673689195097,9.45424154043791,736.100799330932,19.0713843270734,664.945113659376,156.448192068913,-0.732422276393428,242.853137530958,180.172798853497,10.9840161934337,1024.02521245298,697.787422359541,21.0635338611457,56.6431826294184,33.9292086674079
51.4637192686924,161.152197031852,16.7309283318563,15.8734422843267,198.781544398758,165.068982648978,196.880841162004,26.1445265237233,97.984757412548,49.8199627894495,29.2071700778194,46.7562442164595,14.8803267024253,54.0828530459746,661.29963377229,720.519640251157,16.9459308463708,740.400841232529,24.315117613583,746.316727171188,158.707230068331,116.068097674545,151.143021410961,174.709387717857,15.0028063639395,954.208133623162,720.769775306614,23.4518387958061,54.3908163966823,34.1165941374648
33.3880925877692,251.391837667643,4.22206586164871,7.19453710546392,174.378697739018,186.601680405124,36.2225125296406,0.849195952131105,133.415016558357,25.6548328644425,-1.66324601940512,24.7705599025567,6.96440884015146,26.1135189279448,762.418548948229,771.542444724332,8.09734704493565,760.383468330608,3.92903783866675,734.971089013021,277.128591024637,90.0801534611182,114.792654298329,180.150841275139,9.00558517657724,870.21531636178,768.49713691386,-0.0721915113579811,19.9655974056413,44.1782485671616
36.3974656269162,105.576440742975,25.8011851061951,3.20867652905008,185.952275840042,154.457245570332,198.353690395657,14.8764290575154,161.922284417201,18.7019535458242,19.7386617053787,26.658053465421,4.70954998080774,35.4788707102731,777.937046297709,842.366251958684,3.73717627879496,735.270398184758,15.4182865032836,808.272036149722,141.022171121946,1.20568859659099,199.848054182378,174.949547076712,4.38547011835568,1051.79523849475,780.991100293034,16.2360126249746,30.9897988630725,30.7647788329181
40.1072911748635,309.354743525507,20.5587080175382,8.95185188958215,188.961318671016,200.84808684572,-18.7748443765801,20.2962414306479,43.0898728486954,42.8293592356691,9.16276226359985,38.8653818671965,9.89265413070428,55.4730816218931,711.400235954527,770.61989629187,10.4793332071024,743.671648513849,20.503866996428,786.154680565096,313.284318430291,125.041917529308,-0.205564627590708,205.364795198809,10.969972896616,844.81049521001,757.926661603273,22.0248715818001,49.2774710011597,29.7228212868296
73.2931613012054,350.378106770862,25.6333232748411,5.67448068475532,189.44492563298,202.978809845837,174.126021171634,19.9960577791597,145.804405970402,57.1909146525271,29.9564071990238,61.756199201065,4.76977699069236,67.1641249004866,701.083217642721,843.556845581482,3.95002559493315,717.318597931223,26.3205384457851,769.787987816827,321.523120692847,-0.030002378254343,163.086600917877,189.668341313073,5.05274563169196,868.643450565645,773.862295681788,23.9136255907319,60.1231132222936,45.8746627393439
33.0875509266355,135.674174322598,15.3596962189055,6.442209564296,218.45385401468,232.928129636969,205.857513842477,2.13633356124989,165.947826649761,48.2593885778027,7.57050623289813,48.9592704597899,8.74933020773667,69.8433872599165,820.491164715819,828.189049071436,4.69996562264348,893.606112823369,18.8814934797455,820.042447551778,143.088676896268,-0.616294510262182,227.66111588447,239.884519198055,5.94338045878302,749.098309477572,853.805510122012,14.5885933645396,58.4855964494085,36.6079007958079
31.4057916600334,96.5281197399368,12.6488951027412,5.79107943730247,176.495177296617,182.735139919962,184.148059275867,15.5920466563605,253.291156051211,43.0341038198154,14.5081638366915,49.4446634630074,7.40155107926665,46.4697306095169,603.893499480236,648.803121128286,7.09038106429014,684.880854579794,15.2434938674635,660.098812007382,156.323715745322,122.562760098748,239.335055236207,179.814033986183,6.64146504292067,965.709854034633,652.902599184611,14.4863887830073,41.533101211487,35.4293966065617
63.3196214861351,275.755376061195,27.8943927830753,9.33589540546818,192.861960510259,200.248880352465,179.789082108962,22.3398212886179,176.666146449185,88.1287375521114,27.2448370972663,68.5960938703122,9.54221681345033,78.8361922722603,696.536560837613,741.872255565168,8.67335662804267,626.57637208347,29.4433163367346,689.727769879032,307.411099423406,111.588505144937,142.523157509373,217.020916356066,9.97194359820184,783.019486080816,686.305540719724,25.0599091830469,69.8336984310445,41.978991358842
14.2006083844146,120.248562319397,-6.13566122358038,12.3595697512487,164.502518412637,164.355519085355,178.269149857437,2.3328176337919,116.702358610856,9.90733633512762,0.816828026859725,27.1812387543857,11.2102118120884,32.4578085971805,786.56833677642,797.045373970028,10.9734409800572,769.932026941962,-3.82412739951188,778.330779829104,141.565553570798,130.172919150584,166.471670556633,174.06516206893,10.9592445039755,882.8502073727,785.128492015623,-0.0378825084847272,19.992898553332,36.6978496381702
65.7468099715562,155.301986696633,32.0157023088842,11.6160478592791,228.422716569891,249.244954713297,223.402174368717,18.596108094443,262.063354713168,75.3608544667683,21.6051995756041,81.6658846702941,11.0392078584855,70.4609361441595,655.237913040658,642.897038501952,11.7063254750402,702.70809704379,22.3134157020829,678.044538456391,154.095950579672,141.599926956884,179.639465582116,234.077202959021,10.9963896504304,797.113515193261,682.723597696298,22.9463288871922,64.8057639580569,33.5572212981216
21.048537199661,148.411051121658,12.7170326292027,6.52488091829753,160.593659693696,188.128896252931,188.972967312689,2.21704404776947,285.196988082702,44.5844570149308,5.90988477720528,36.2296922893966,6.16346323218193,26.1737886584316,675.270041411976,642.642905066121,5.46302542715099,691.991318073753,4.06733437334439,664.610477199506,149.332065598893,110.332055460149,238.91908762747,168.141071403371,6.52618851261722,999.984010620413,667.274746682462,9.414597256007,27.8601152816996,37.8784679953227
65.2537847874709,108.856580550075,28.4537983964054,3.45312394639066,210.026609228401,215.248107482862,246.108560465791,29.600922004595,195.436937505766,57.9435860425283,23.0328652535028,75.3813453338826,5.97967001392236,54.2601485100624,819.854284523157,824.308423340575,5.02233948605763,848.571406161937,31.5366312194139,808.359403339162,143.25616889052,130.219532220504,166.289306989481,214.876740988673,6.01872112794137,734.115667850526,835.481453210679,25.5804189761133,66.7879559697547,31.3694627782323
59.432813646362,192.288244078142,20.5863634265135,7.11168763252818,235.240226021103,225.855990078578,73.7736489256596,19.1881693354378,156.979694306481,79.6553519810118,23.4936351103288,53.3907647183381,6.45410055127988,54.6770860053423,614.928008223141,621.243397701371,3.58444586053337,619.899687365058,23.5386160920663,651.566543442801,141.509750235004,127.549095176833,163.942667922352,236.810858687639,6.01931766878942,868.152560274947,657.531068290937,24.0894623280081,64.9005635444447,29.5465851925323
31.0341117527748,113.886908775834,19.1587663464953,3.65016053950338,182.377969853854,195.65547225086,255.570025924406,29.5363856135221,122.178976130573,54.1492726217862,28.2361277597928,66.485090879346,4.0226445192759,68.2016474090343,822.743210343588,814.97192910225,5.43194803750092,799.160845395175,23.4815907869959,785.246273969735,140.997688060253,1.61290779465273,209.031280587966,188.692656676317,4.57537780462295,995.55030579869,788.334433908238,23.5008370539325,52.895683224214,30.2958595856893
72.6791090981164,79.6006287314655,23.2511084920107,9.30606985996302,214.281029015823,209.699283441985,131.196088054524,13.2652661112125,123.82300310421,70.4986587259681,25.2605301978991,66.2013684345128,9.33411036401938,59.7111984360496,661.908503609,643.900831311614,11.7682528029612,621.265768697092,22.1436971816628,652.451784337865,155.131646409725,110.966333486262,145.128250685789,220.036431858659,10.0346364166393,922.994741913505,657.88524690447,20.0237214267636,64.1158256615241,26.752690324545
62.5987907056358,259.906588094051,27.9164346908911,10.8232064731439,217.575183076506,205.29074233654,26.8037560048177,23.3602410961957,-25.1740921913475,66.1701421490274,36.7737519113555,66.9174279437244,10.0907917893605,64.0444850640035,725.847557824699,778.624625826383,10.0203305707308,760.049260063255,18.8248387569977,754.681767243827,299.458421664068,107.282360580147,0.92074444591492,209.8753174228,10.0300238836541,880.619760227236,744.794260679589,25.0516124781996,63.1368434156972,28.3490244324092
55.829914582978,169.835757678853,24.2956531455392,7.39455613174344,198.662719669279,219.875435626893,285.557710068706,21.9717002782154,188.036751277455,50.3781165444582,24.1805849123778,50.7845201022503,9.61603503617834,64.1246607629207,666.218833871985,679.831196045051,9.08524681227532,564.277278937528,18.3705473489647,665.716234542226,142.297613297837,91.8647431393503,239.998924007357,201.150015297328,6.18217084792913,965.153919965311,647.979432414291,24.9399030375869,55.174655674653,27.1018875466458
18.9737922945049,147.718052214467,-1.32134340988128,8.98391584526736,184.296420919029,195.438276736722,252.417845153681,-12.3500991963716,180.387151114708,36.414508823277,5.90170224370803,15.6048596805069,7.41010554437458,18.999841618178,644.129250129862,692.424967968703,7.81904972203513,696.134161624934,-0.0179397169419095,660.684200893049,184.166530204785,153.265603380553,239.547268404152,178.933875138709,7.45691634429527,921.69116584903,640.745757125069,-0.00545525804365796,19.6766045694384,40.8578016170519
57.3814050139648,121.899141909387,11.0642272873873,7.85424713854225,190.972370266914,188.493699807238,257.246107385032,12.7201613877942,213.550920784285,54.5451265882575,7.19104566737115,59.7271243263511,7.20903245501696,54.6010465742606,909.592438282554,882.673131866001,4.67470068526173,911.605163112688,17.6075424503939,835.889507644791,152.507372825253,0.245206497659043,236.420356356691,203.930705329766,5.98943314618017,784.373442932744,891.816227331102,15.4195709255875,51.0986506343569,32.6651811027736
79.6109196413599,171.804124268134,16.4119310732465,10.0502755092041,196.44297924751,219.312146292343,126.879639552172,24.2211296244596,39.883226706817,64.9472349476652,19.8259098198273,67.7610271216232,10.0659996237624,56.2503522211948,718.633762934607,744.687580575769,7.15785248922714,732.674980274442,19.3422559951612,775.685110171661,261.219948207816,77.2521581376472,100.176624529191,200.997203724332,9.02079432438534,864.700475007859,760.251562720857,23.0034835300319,63.3433033960477,34.271888717794
68.8835067304306,339.91687479863,22.355627752968,8.00864675230128,214.833686971243,174.650343487529,240.18328028784,29.4115645508276,198.29274235248,65.6898176612932,23.6479403832747,56.6407639120611,6.44180233560136,75.4050535160398,645.844930635304,629.142167728234,6.63503656915151,685.845154701422,33.1008769525155,677.788400275759,297.47742084537,40.5991176949597,239.925741238498,193.819567561773,7.49784745914109,909.791346848308,650.830358765293,27.3242642500389,67.1251904864673,49.1435209694023
25.3031819214173,256.893279344153,5.13083378571196,7.74393529000211,176.679840388087,187.995973644555,242.963769992599,8.61980496044663,263.849920526659,31.951576962255,-6.32283288541467,7.96887709901897,6.23359112498831,27.7257468778923,654.431387818025,570.27672653107,10.0760265583719,606.40649759762,-0.466596446091833,632.740331519725,247.225007436609,100.08452613751,239.387320446384,169.264192273591,7.67701928374305,950.094220672614,644.963056334925,2.1075831756177,19.7207038334469,50.263724086612
51.6351604181426,276.61870464184,15.7026096912324,4.77392007229339,196.36990784188,213.814301727401,189.881475458644,19.2298820823815,126.70628473643,38.2218205247579,29.2410389006504,40.8516136125655,5.64733015051891,49.8064516545794,779.854060187508,798.82718835392,6.14259772270077,829.213259841101,24.1122599006402,758.548889019838,293.96908540868,105.569505292805,135.232347697555,207.101178535361,5.97129434716323,749.243405331415,778.557622292983,24.031310772619,47.1516379344222,41.2006205337045
46.4386536988922,95.9724988908867,29.1657556917084,6.23779920231695,210.314890496409,208.69549757866,169.580560349142,16.2898296533311,254.917537476689,61.2579305518025,26.2552730674829,61.5820176394904,3.32324103316029,61.8682973617147,709.89481207728,699.189298428168,6.64440308908291,672.417986116069,29.3906606895203,707.508395167168,139.684933142335,4.07865396673254,217.131296746663,193.990576881725,4.73767598048936,1049.55151634037,710.830743259149,24.5155406416155,57.2683028114464,26.445379857137
20.9634761216888,188.667951396693,-6.61029631551954,18.5492890642196,157.465087943764,181.182057394049,158.987977265372,0.658376674044748,146.580805725972,20.6135361167778,3.83766758338918,27.8165178329999,14.867539987654,19.1178708011197,733.704492798961,679.740125527872,16.2306095989484,736.379719076152,-4.48905019884148,736.550224376234,161.820053708295,147.524210002202,190.723485547751,178.833628818913,16.0330750134009,839.26333727482,741.804580017798,0.878150324717817,20.179265975668,41.7931420135569
13.2593906612296,274.644786576052,-6.45392335097472,4.5560117126985,167.929958788285,172.241045677087,82.5934542448904,-0.299464657876273,164.418991735775,18.720583311382,0.698239843939655,35.0621833798404,7.61522189350957,21.2350999097716,847.391418634004,769.994183961089,4.53950133826863,788.464541794947,-1.2769076532025,810.317190342604,331.250794622849,-1.01524284863717,170.103940745616,159.798920275099,6.00192398651474,900.705052221709,806.240960441969,-0.0483304848145453,19.8976171570057,58.5348388230749
83.864316380294,369.079689509522,22.0204068434175,8.62196338229518,232.444073537231,228.620774273641,261.729149491766,19.5519746995573,285.022618066067,59.7703577159079,16.8123221097421,67.0671767465016,7.2430235013137,75.3351404154136,699.799664424559,731.537934828026,9.47659808672289,754.292484641114,19.3515129855113,734.138144627032,303.940493090597,0.402857985537925,240.362022798411,236.43561676936,8.35696493104638,779.381400385526,715.929888056428,24.9382209023741,77.6974615317285,44.4709529971702
61.2314403864273,276.961028944262,21.7627874440374,6.20647714729179,187.660484241383,196.325834732223,109.593996265657,25.6757716485211,98.5328786244574,62.5310080700057,36.0996701646038,61.4536870913901,6.82119202559487,48.8843906672696,763.064275309902,828.425137387508,6.78928774819773,768.092176248458,29.4264800476316,792.278784109697,264.767305460112,86.1570407653679,110.851400188365,194.779589487105,5.97276014237899,831.8914511327,789.033710710062,27.1018454703646,60.0108016307394,37.2752261306747
61.3481758693487,144.25516872424,30.8150166829229,9.4023063866916,226.226825694863,205.425772478983,116.698804316678,30.0524619529751,145.048928625994,52.5526348248941,29.6489982712132,54.2867928024481,9.67348347193444,68.9161322922689,860.301574416178,817.516772660314,7.44238108158338,847.560091389791,21.3725490289265,782.601162176752,146.2346148159,89.8607129805764,115.222058733415,202.074400704932,8.96831405819296,861.533307301361,829.903085391596,23.0354568944144,55.1660340925466,25.2509508433398
57.7972935600793,281.036042717499,25.6968582176937,7.0336207069416,156.921973502407,180.543127116697,170.991141653389,22.2608093688931,102.292900974962,32.0254472714341,22.6423548560375,40.7866400613591,8.02947114079575,48.0404329312541,856.524764468327,834.637454906213,6.49813398281076,875.324937178096,22.8591344183409,776.310130094084,287.027839061956,-1.07005041006729,120.194375172126,176.872995051355,7.01870514985531,908.845245397585,829.63535014746,22.5228196908725,48.6689594979826,39.8867550202336
58.0720023460912,207.83357147486,26.5518315609726,7.38475612503122,185.379816427786,177.858583594813,94.4527125392362,12.494964615189,123.978996724693,61.9118943525722,18.5452261687112,53.5977283921072,6.99328162313329,48.825126683666,669.33793937535,672.979902516758,9.3610979201115,673.796958344428,17.9693861076818,679.351217086669,286.085547533183,95.2126808909968,121.490028692945,187.913640215484,9.0134797715279,901.847400338245,696.239614488749,24.9835111765743,60.6959788561951,43.0747953059471
56.7220443158013,247.986432280114,8.08685357594086,10.8468534880363,193.682745557502,178.805096429923,170.784027606498,10.983318981738,210.682837844074,53.9915812101393,6.00766436141222,44.7868139902948,11.0910331034827,45.1580895291979,697.986398340412,648.818567855946,10.7843559776041,694.779087589747,14.3224822807828,694.201291164275,160.869351199954,146.049581965102,188.865718930156,202.582310052082,11.0137014366303,828.433850719971,709.474987125255,13.0625057699412,38.0481106042264,33.4137064852572
42.3363535632038,169.533033590348,21.4968199506838,1.44254930139928,156.200341687336,177.414953722396,206.849968242242,16.2600524387991,290.548289431429,53.5940265245967,25.1193954705213,38.7250159926132,5.59903916990259,56.941442897427,693.928247957732,747.313354824836,5.98342662953799,749.027300911186,14.6521127722072,732.351023847219,141.020672873646,30.4688301319331,239.172122032821,169.209105458744,5.30036736729153,1029.62024207052,742.838047959477,21.1919544938758,45.6940841794211,36.4443873835904
61.8716386359114,364.699386039493,23.7696231176275,8.53418797604223,179.287458075693,200.892013890859,187.003900771332,24.3461536728384,131.953728122475,61.9860868512339,16.470858049463,84.1222909757034,6.46556499873549,53.764604806625,609.468639826965,725.578400787668,6.44117378484623,787.339432136391,25.1265244154336,639.47075425241,322.777805381884,0.843538995642641,149.08100988377,185.855425811551,8.01672467242838,950.097307714247,708.421236376716,20.6581163589785,61.425147892293,45.3885608563005
57.5778096746414,118.760640638235,21.6114415475989,7.26050962587363,189.946881104647,194.434845786506,99.1291475028057,19.1531769082473,152.478518439486,44.8047826929384,26.9287149100323,73.2151381955041,3.91200871968823,73.5424724191945,731.737767407072,731.934565458221,6.57875385126643,753.500600259956,24.5305707708968,708.77440382775,148.48239399366,108.707935208878,139.364850080369,193.102412993683,5.99221840121625,891.719693309615,780.159051952504,23.6157031470836,58.4629463864853,28.6840679167128
43.9957106065385,159.905483733059,9.57982494584111,6.33564353112158,202.64129272246,202.959887324305,217.501540444024,4.36032914425289,229.927078413499,47.7145364329252,11.6941007158143,39.5339815137065,5.67438674460713,51.3619313790922,682.287632388475,677.880293367849,7.5711940655105,674.735948386635,8.75453600795288,730.887385327212,153.870174055662,-0.979604856274813,240.413589058143,199.827698872895,5.98386113720015,1000.90251562121,683.89630118659,11.9544247436224,35.291745219768,28.1044206568506
72.9828054810096,328.419347248678,18.1257270801393,6.16691864126854,222.400894375713,217.364909545464,224.425126755319,25.2342682702604,196.707611255247,67.474179232909,18.1634998292117,48.0975675973145,3.02975805772288,69.7241611687635,748.135815851281,746.664676238637,6.44075616342852,764.982776697553,17.3504994852717,698.658264784026,349.338691871569,-0.224287591697997,176.956611271614,229.817327122761,5.98995976039766,786.234136943543,720.418650856628,19.9326298310777,68.7258844308506,43.9527814259968
39.4720622770757,332.446512060164,-1.83305078476111,11.1812998454219,202.017375471447,191.10975640901,-71.9852751791405,4.67119244762562,46.5169854399031,43.2642881699884,15.840389131426,40.9619038576687,10.8121410185649,33.9685125987792,792.460857210992,730.233796628816,10.9645672982251,749.010623725972,14.7903694833582,739.740405278083,356.80341604295,141.1936656927,0.0151749167877384,193.156489940021,10.959210430328,802.782519734744,777.409828904372,7.71848778637717,29.879347354017,36.5359327384834
18.04783357548,77.6626528574743,3.20033958739563,8.16150359478203,165.529747189374,163.370424896781,289.006243070607,0.503447645919069,226.49508497844,19.7616687096768,-0.841705566323036,13.164713701667,7.81662414676143,22.3838583184464,608.40250811517,590.045471904789,4.17840429153582,595.089306338334,-3.82548872960335,653.761320379944,172.655733407921,158.716338984462,239.877045790726,166.62402686107,7.3794170079348,952.392270847151,644.608676869792,0.00413927653789267,19.9995966720183,41.7622273995146
56.5594953226912,155.58581696792,17.3133386445386,5.68717093179913,179.673288567556,174.696387364512,237.723050921399,17.4884275234888,157.345466044877,45.4313534587593,25.0566631744541,47.4825990919575,4.16139117145869,53.9129636622386,756.393691475622,662.733330918319,4.65824738184779,763.035294594741,29.7083732405084,756.19883553491,139.805154989551,44.4436965924653,235.61325434272,171.597574703287,5.48251743593302,1046.54917452593,706.3299624474,23.4984937755972,52.426751276612,33.5878273816284
78.3904858186911,183.564570671414,21.4351278137627,9.4491945127632,195.008855874475,202.357049624925,173.606818180565,22.8738810971582,49.0775684720423,45.203476754589,23.928636607292,54.3719993312231,9.27745544374236,61.0716680622015,892.249888138314,840.030782023485,6.04879292316642,845.079664290281,27.2127439505355,828.957678941196,251.73469955941,75.7644835960654,97.2208489687331,193.847158120689,8.02604193940045,833.564937979282,821.136235390456,22.9303386860454,53.8473173483117,33.2257525440155
36.7708385794546,181.810784979487,15.3461333113689,9.12428212452678,164.572031896511,186.937468312757,168.874342704114,11.8794166698938,174.465238907583,59.6712195921761,17.1189715455034,33.9543557580605,8.87792827466519,47.9369315780557,782.284632957943,854.417547354186,12.3211855348326,759.292252329806,5.93180185152396,825.192378472357,159.659038650632,-1.07754445421673,187.26739092554,176.082496893429,10.9979324398194,988.969575631709,789.181958308985,12.1433432132939,38.9981053839373,32.6813524003243
58.2316879861225,309.702698044705,23.0375331494267,11.7613566970259,217.629806170091,185.412111275715,135.985088320671,21.9864012611116,154.795952123762,76.3707745632295,24.5509765317023,57.2787196942719,9.09608783171035,69.0361892727883,773.472733951428,789.158259260855,8.91379407155454,740.869069643293,23.5737512803619,808.977431717286,293.830886542507,106.487182663608,135.988599193752,205.980732433755,10.9951507641968,749.367616343903,764.969036159708,24.8598511944588,68.2627166245681,40.8554487062686
-2.73914336887247,252.07251784221,0.906980656550436,19.2249131136319,158.050339328385,182.016439264123,181.06126385427,6.89176999581745,270.959796320764,29.4569175473339,-3.76185815446174,18.4864951554433,17.7799773442597,24.855170971109,659.200176095891,683.490050608826,14.4014553185735,753.574681506268,2.58127399658717,667.408468108276,151.145836337084,139.723198928801,177.555288237632,168.078671486946,18.0012483271215,943.544653143862,694.816044340029,0.0615304346190229,20.3439259011205,38.8548105798431
84.5064332286835,294.027368281973,23.3904870223842,8.44356321493593,207.057834843048,210.302304199583,112.185394231061,29.4821454171487,154.32148903262,77.2272791302954,22.7642487902255,63.7554101842779,9.31703506052368,67.1283142904101,713.590670125478,673.107460539341,9.3502263797673,687.531681226455,29.1391241859505,605.160837465109,279.867131574731,91.5720389855426,117.550730168895,206.531087831384,8.99248394462613,882.251976514183,678.835090452843,25.6945760502149,63.7146967507673,37.3653930876251
60.732740015639,327.701615316725,24.7751328600851,13.4713225354505,230.556876773751,224.453223221717,39.4455787829294,22.1319782647004,19.5405343275032,65.9027946744409,21.0951562171551,69.755625937238,9.87089511751559,69.9333402120961,681.254932119183,705.250395005359,11.4375140384387,801.783860131522,25.5774691464359,730.855028321804,342.667908731125,135.630809545637,1.61148117052504,224.689252154979,10.9456113690912,768.563944334685,747.033859655428,20.9294204347759,60.9461694623498,32.1554422397351
62.5735059173807,294.338910228429,23.8526194477346,7.02536642346553,200.44141474037,204.734858897158,-15.1309118964367,21.3981547325938,-64.652224128859,59.9207952734877,24.7033255441973,63.3486323987155,5.74236487043116,71.7848793164822,803.292523776281,774.27289606385,5.21576669478077,784.39476000041,23.9827708174603,792.333267369701,290.30067969165,105.230378174109,-0.13318992885135,204.892037222178,5.98839309121232,858.417715953945,796.551124019045,23.9761963223198,58.7960274487913,27.6276934230649
66.3227595901472,296.963283976404,17.7208173966509,9.7680237365152,200.50175366485,217.495348731706,227.644035675935,20.5693218729453,133.975963649361,54.9987693331779,15.2576004438854,48.35614830623,2.78873297811464,43.6960874292758,699.527703359935,672.312872620397,7.92426006985281,703.793691964756,24.6111435650711,761.669514063166,304.378035688432,0.445469676133512,142.040309134057,213.92334847118,6.02691533916564,895.83451372978,721.448872812552,18.8609199285675,50.8275812732025,38.5039151457711
29.9767254471468,271.444840314676,26.9928667488339,5.66890159910317,170.435155263875,179.854260657714,151.27108916604,19.1563544479493,136.806973273965,41.4095012528576,26.823325130521,54.8508154246039,4.68810584178773,41.8325674163689,825.171235828268,786.074255018434,6.79331306700734,794.251507431349,18.5242677115674,822.753817000339,325.532546962569,0.717243930440938,166.417572034347,174.067463922571,5.98110420851841,882.366511840639,791.934494756406,21.514173049046,41.8911241901974,52.7709862187088
68.9881397572394,241.744808826435,26.1587673692811,13.767292764323,193.772899525282,171.944255431066,115.827453019914,27.2916482550425,110.158555284567,61.9117174462304,24.4925991616828,61.2804010532662,10.8659409022421,48.2943043428288,826.514915379527,765.840261786507,13.2095639329214,762.148495385563,31.5715708287665,784.61920580006,275.195363069396,98.4183129360267,127.439875996873,184.153527258658,12.9686600832624,810.316723998291,791.090155017907,25.6350443720953,64.0665300101151,43.3420136909438
56.7293436224612,263.952924148386,28.8565399315859,9.55501427561154,202.708269209712,215.337196417489,119.507891155867,24.6403740880819,61.3773105240978,74.9179946601027,22.3047043230634,73.2016725448173,6.46042577617443,53.9180661837184,663.785745284129,661.693024244992,7.17590682937229,682.238701514949,16.4379401528826,637.695810173217,271.761842736445,81.5579043734681,104.199722240927,209.842063652888,9.04701440866452,903.973296644988,680.822609902078,22.9402130927898,62.095556984352,35.0055900231477
46.7397806303461,329.474048034488,16.4305193302788,12.203567842189,174.237933283642,179.711030037651,115.709218520502,25.0524236431781,190.604747487327,51.7364622277463,16.5537345443707,68.4674370844451,7.77994186376968,50.429283037454,810.619424993034,816.647741943505,9.91807480823332,807.742309248026,18.4361798253989,743.015164630667,310.043412250685,0.0478688835764898,143.031481239,167.938889303749,10.0431897003891,913.922878720213,802.71561845073,20.4839675863911,47.9289842144021,49.171589872867
31.4471886743387,262.786103350657,23.2410288868997,9.8015979937148,183.371289886168,166.676755188782,16.5572829640236,22.4732771922371,53.4002079991291,48.2406790087706,25.7436194081786,21.2179273878759,9.38440401464676,36.0499482708949,764.406361319037,761.04745204193,8.94668252836819,726.260025133327,21.6470189438651,794.220909574856,306.296850811117,110.633689383773,-1.25931729469976,188.893085586522,10.0057066972615,904.418330169609,763.988095068734,22.082920072563,39.8269900768452,31.4259740152027
10.4789794127457,161.504230889284,4.3265100699582,10.7719597836118,170.933497913871,167.089363206858,159.521215734205,-0.664199883036049,226.509760353736,18.8835781013976,-2.87713949241764,17.5929423668618,11.0231257128889,17.2078589046602,715.517071725242,748.757593152615,12.0012895847036,735.142563094572,5.76209355853244,746.919689215467,162.993150738368,148.880879231914,191.605030242417,179.822467302159,11.9468334322924,842.939841737507,745.392113481856,0.0970578919461653,19.9001584661066,41.078730373092
69.4798087962621,71.7118763213652,20.7614537326318,6.20246890196127,227.790605136946,205.087972804747,220.804212003818,16.2840531822367,272.238120511184,50.742504628102,20.3585448138231,65.6398225899725,3.02209266884649,50.9000440774683,621.5626646027,680.317724752985,5.78803314584893,678.853202165801,16.3194805652724,691.880538280019,139.717423858485,12.2526288681391,226.713338963464,208.239895607349,4.89694149001413,1020.09507186892,684.581928590379,21.0488452459636,63.9731456571945,26.2905994326888
55.7148458925791,350.210851076488,15.6545723513768,8.86399968380652,215.787873177835,227.317947012624,-3.02470358777586,13.7068348273558,43.327321483278,50.7727133019414,11.5162308493761,54.5054333873779,9.16324457474444,40.1240614233614,686.440851684953,718.580385319241,10.330885663776,694.200176256437,20.3567413489629,685.594851664563,295.391831586428,97.3304075688874,-0.223529074560799,219.478903522029,8.98527393214832,931.319721705774,684.962510589426,15.0503926201136,48.7165690937663,29.1786004989084
52.7292523350657,210.365524531871,26.1718846906997,6.34278993351041,205.119384796488,197.112262244559,220.605850913397,25.3337323701593,203.631135978087,66.6243479545381,29.3919320389485,69.5524220297709,7.79265446586403,56.319239422456,659.32739575083,684.099637258823,8.10180892903859,667.862136194898,28.1671779125266,662.003260268656,215.675128659908,112.01311707503,239.05065796565,198.774801793539,7.42614929290486,884.463451055484,650.259163401207,27.4113033884775,63.7280944606184,39.1683886323117
54.5271842705761,133.334876111843,22.5006684967816,12.6024978556811,193.80981203883,186.062695279022,-38.8891144153415,11.3931275732056,41.3582801550314,61.8472663403196,20.9688801163261,46.6208313251242,12.1679228067595,42.379695821001,723.488687350316,777.55040486276,13.1323863591532,730.475584793898,18.461654715769,810.807288280309,144.494023277601,179.514118461685,-0.704089118506553,192.032109816312,11.053549601988,961.837131402004,749.135621933833,17.8931257682379,45.8525314139196,17.1970761674871
21.270711621764,172.332071675599,15.5991802235565,6.48006802902534,186.775848811646,197.558256027699,194.028148194161,15.1457604210035,215.076127501503,27.3896976516907,9.80762705172102,46.1518352345492,7.34617581054968,13.8933561661655,587.745695113072,654.093851512123,10.0563740549453,669.027949595931,17.7675742545661,617.689321310943,165.030015699243,142.338449385143,237.793083851151,200.342131199655,7.06699923954707,883.216264285663,651.565423399365,17.2575826509595,27.0635009441266,32.808606718498
27.2761106992877,132.11986647187,4.3426089238679,8.28236326617406,153.762750722539,153.99159281121,248.832948602405,2.34593690060697,208.773275428665,19.6076863403329,-0.232281537468268,3.97925174785998,7.67870021981573,20.132273319594,632.963395927362,611.741243777581,5.36782205319452,645.317764841841,-6.60908881987483,708.880454497548,171.877810458628,161.784714818967,239.175816831314,166.173689095184,7.42770323976067,952.246067440891,641.782134871795,0.0139988081174127,20.0587523947174,41.587325912776
17.8811334293993,260.749833001795,5.38776280274795,6.31699707394094,185.429369394757,170.863003333027,202.173951210016,2.23597235525634,215.572981572467,24.7812003713494,7.60047166982075,19.7705146615584,8.58043047670308,11.9125839303291,632.256748470335,662.58964610087,6.39649225310181,639.524256760496,-0.577326408401712,609.261387798653,259.472329331448,88.3779047758012,239.654180473068,175.362020237137,7.58800968282599,937.975519046837,646.834062284018,0.0442648853844571,19.9759621881127,50.4731130476438
42.8839019718965,332.538579981315,13.4789519015515,10.4505164852951,227.452607158668,217.018638027489,175.051124563099,8.28445730155646,213.492544030095,30.5144063243952,4.49040527079483,54.0542068319354,10.5287806466477,54.8520768818287,818.453435865842,800.931020006686,10.1709899094214,815.208977913757,20.3525448203843,815.000843098858,310.686296868948,-0.602759021380739,143.135760605406,218.054677320213,10.0314054091705,785.915712476012,804.991763861395,13.0014030967734,45.9329762450509,36.2492788012419
56.5422117492788,132.552892899348,26.1849971385803,11.4577778380011,219.465870290275,203.682353940407,-56.7218691970249,22.7019294172586,39.0145078673296,58.4725020804036,22.4689014293546,58.4260011948784,12.2394720014325,47.7443279863149,861.673162155119,761.534664311448,12.0486074183584,806.643739565921,27.1775971169556,809.312900810928,158.020691188125,193.058569437791,0.142243923412279,207.982412055538,12.0040515512335,820.748626692452,817.757376654722,22.8607854316333,49.8907451313556,19.162233875374
50.9951586316636,338.279938053914,18.3860633039327,8.74397177350309,204.588311770629,215.469710377764,108.359813491955,24.7724228894974,112.09346595649,48.4054351478029,28.3482194600746,38.3091398049793,12.4411358593102,43.3763417118899,800.144116973762,801.548190300813,10.1528534880567,815.22697252294,16.3199267200461,812.046914080744,278.408339621137,-0.923129282631164,116.582324652881,204.836815278193,8.96008701147508,875.907952988863,799.127337031653,18.9622682435683,47.9374841273199,32.6448480146697
66.2858021045112,365.670669684493,28.4592900016821,7.38963501441033,228.728755428172,223.948264892303,59.2576080418751,32.1245037705247,-4.8304392950888,63.3712915245584,28.0937850809987,70.6279332893016,8.32316559316854,73.8145104653397,756.374022435216,760.135827585567,6.2890085180623,757.876394026637,24.6463888375435,760.75770282448,336.722657279845,133.282418745927,0.620673179023006,221.965979854333,6.00028211857359,756.489830142337,786.781168605459,26.1464432498532,63.9797512210532,31.8736918072584
51.6324023183384,197.109250366162,26.2877024630528,7.17081336237037,175.585274952656,176.887652391503,179.586959418665,18.4010270875541,291.415419097455,38.1228529076233,20.6411892871076,40.6186571156688,4.82723990812026,43.5492719395928,677.407950327042,672.945085377133,6.31737343200617,701.034895335383,20.8974364020169,726.732950239761,157.855065065899,0.636314183759054,245.518599742803,173.83398660987,7.02373349393374,1034.41639392939,707.297320560884,19.0606985114416,42.9236535073986,34.9130488791367
73.7987391590789,157.602271442171,26.0555058665088,4.17497312073146,185.604251271533,174.941003791299,236.777978341196,22.8233082296441,243.176039768797,63.4810571741376,28.6878176319531,56.7127541607194,5.38155945732287,54.2004460464196,665.397816477892,708.565337119947,5.23903085166364,675.711818213323,22.3241652970007,721.39519535624,141.274157107218,60.9415975808549,237.862244930178,182.493832811916,5.68609723224372,1018.82042294444,680.745608738399,24.4621064283786,60.2040973895604,31.0857353388656
21.250093804989,300.291641008477,-2.77539032735748,8.50218953827119,185.576074504708,181.526497504234,3.50556182006245,2.37254672216133,-45.9318225629522,10.6926601011716,4.92809530577846,27.5039821991808,5.84919911046388,19.2297927465727,820.543646282683,764.790173413453,3.17594585577938,780.067775240572,8.50438189811768,833.81252879145,296.560649691484,107.014916588493,-2.02972634275233,186.081282773605,6.02446707302335,879.798236290606,814.402713988049,2.92720745369947,19.9877535652853,31.0040727792337
65.4381388910705,276.597425231657,28.4173309566418,6.41407808961821,204.848207345575,196.205291675368,144.431352483677,23.9418989612924,156.599841150974,75.0937748863255,26.9608961305758,53.1733010340808,5.53011223305986,72.2330072923226,667.545298533461,612.859511517885,5.25242940450595,625.81581096323,19.9053832131663,655.062592993733,294.955704260732,106.635595462236,136.888223951681,208.09644480245,6.00191896641995,870.649135368172,650.31620961643,26.5691114080269,70.0990038028099,39.4161122029273
62.0910063406564,297.20043550158,13.6521535942544,9.13709602979421,196.502385626263,193.323293630773,200.568922097433,24.2989413686286,149.057560922855,75.293156835984,16.0632156966226,65.4378164286836,6.77890861306904,87.2563214001629,766.994850371272,746.489717609294,6.45318065169025,792.505499994714,21.1643723984394,743.184797527736,312.519112829549,-0.282938194031719,160.315224952018,206.828704459686,6.00090754574725,850.152477845368,756.709941128231,21.4185589936393,63.9869749252069,41.1165586283787
14.6633027904161,217.018851667765,17.1031636952815,4.93191530733679,203.533219071582,204.856310166403,62.8988600240853,10.4783443821079,171.541382202492,27.3777386112476,15.6396586132157,21.703624529709,7.23401972948689,27.9085935642226,636.059202440826,656.830649169844,4.4675260866077,619.964833779418,6.83576387683753,667.83793521762,297.055013965203,106.880372589015,137.534765254135,201.006134547414,6.01273063274998,877.767957279146,653.82319684248,15.9305516533698,26.3626190576191,41.223243220524
61.6118525655516,341.172949844788,18.5069542077842,7.23384226033963,200.361014890488,195.431532837118,133.185634555206,30.6856429296584,97.5972000889916,68.6294237947571,24.5705032447687,60.2730292979666,5.78998568041953,67.771421112672,757.638393698193,767.082352021261,6.65208042406495,786.817156051158,25.5040379992255,813.718544690043,365.385476511187,-0.159749003402819,187.426161893562,190.705695874408,6.98851908837992,823.576851989324,757.642871904455,24.5520762464159,62.4225146340503,52.6432177327283
