"1","2","3","Iy","PF","e","dIf","X"
0.90588286713355,-0.321902265290117,1.19581009478507,5.69406818629355,0.97062317011485,0.0311273686576391,247.370818883949,1.42690913323657
-0.207464110892921,-0.0733279170463779,-0.834381716476517,3.8981078597162,0.741123421405129,0.260628772126977,416.430449190112,1.598620718905
-1.62600204726163,-1.45194953779109,-0.393100529628786,4.10072070219239,0.759322994885615,0.239551656627496,415.4404370851,1.5979420659212
-0.259836639946364,1.04841176449792,-0.810842050419263,3.28631026190183,0.960749939528119,0.0394510782389743,92.2295373769223,1.27961386305917
-0.0205247766080856,-1.42259805356605,0.554109929203728,3.39561678796905,0.661514087991781,0.339614548599091,383.568097517677,1.56453852175755
1.26743013187225,-0.319510864004107,0.174713655239392,4.20558104131382,0.940280320123894,0.0585697626999068,155.933634830735,1.33370340080617
0.186471843754534,-0.208567374860899,0.160132907008029,4.88817076125767,0.751518132189521,0.249865881560771,557.60853093228,1.73870452770817
-1.11826182620034,0.128499317426459,0.359203030969278,3.20523310014024,0.920569688714416,0.0810836796704138,102.80543347773,1.28003996698958
0.313421361474412,-0.329469915960744,-1.38800055829774,4.68667176083042,0.967935522159913,0.031458876683266,183.986360164655,1.36409251957504
-3.36552815798589,1.47521846527954,1.36919652914777,4.59831941936902,0.700818244160449,0.298627532590503,644.958610140106,1.82076608314852
-1.51693258500897,-0.901664603411073,-0.297362177029186,3.60342223079966,0.659644238453206,0.341836348725742,456.675510707323,1.63658611548672
-1.33728698682411,-0.398463281991582,0.567314693833303,3.90908153484999,0.981091055073161,0.0188238419536035,93.1197177618477,1.2790718510594
-0.802722404058708,0.0667507083058111,0.941166695870302,4.20193829298379,0.959758727044853,0.041349809717402,161.015313208734,1.34184883432369
2.11410035916902,-0.870895621103815,-0.785644303302034,5.31019919111128,0.910364404305561,0.0913988429037881,172.826050041023,1.35814030449001
1.1366108281266,0.599905586151605,1.21121884503383,4.40019492673061,0.71960242046961,0.279724704892032,460.151135368791,1.64413803057843
0.585048479092413,0.729634567406656,-0.116718924377667,3.78412905034275,0.900402840280147,0.100895945223902,218.270295565266,1.40159341440421
-0.68155155208602,0.548153476014251,-0.421196890797106,4.9077924351242,0.790250933100167,0.210926974304992,462.09536486305,1.64211316828689
-1.76762998228765,-0.147053686743676,-0.63908466017588,4.8094325443707,0.789506116592178,0.210717413394769,474.671623932539,1.65880402547111
-0.919072920603939,1.02054439361742,-0.588928250312406,5.59660032751551,0.670956294381377,0.328471262097838,727.093274331643,1.90919806623406
0.642281026306598,-0.0150592824815922,-0.9432789808523,5.00011969908084,0.691088996564426,0.31042627796888,600.933425543177,1.78120983099753
-0.654437241082555,0.131254686212935,1.15104055099819,3.71083686803332,0.758804949084997,0.241963881214337,356.000752801748,1.53359355574637
-0.469181891155055,-0.909679867247879,1.96904479130838,3.30046221931021,0.977826224172361,0.0192840443343881,99.5364945752462,1.28024961211126
1.47311110571553,-1.86748794658366,-1.42595914325834,4.31046857129684,0.819354280788691,0.180916585559977,0.636934659758395,1.5182714354186
0.135411255545637,-1.386386022695,1.03507185216974,3.6809613515864,0.960450114562332,0.0417067088716133,-3.2269203580944,1.32207707920371
-0.113884328868106,1.93997023295615,0.78143830837874,6.00310229883112,0.692060373313187,0.309356703237508,714.104713137638,1.89472654284449
1.14914091385963,-0.544909976369036,3.21596116282453,4.71508736327435,0.869066906872385,0.13148337157898,285.778964569607,1.47120222510899
-1.23320491009611,1.04725763713287,0.0140328367831963,3.91680686920369,0.859427730255074,0.140340022742897,-0.557508892582038,1.36698343435288
-0.367320612532638,0.95332871623356,-1.99465806834693,4.29251250976472,0.840832376385644,0.16012751554885,354.010767373704,1.53286927706323
0.441546372643278,0.158853086894347,-0.305694096208848,3.90315490833739,0.660340578003009,0.339804346920198,444.097919629409,1.6193606484584
0.672075037461381,-0.547519301609809,-0.581816769617498,3.09445188990636,0.961814295910781,0.0394089848144252,141.059836134271,1.31723868632968
2.57672705817378,-1.47082449826916,-1.47071152161876,4.90121162101496,0.949737786164903,0.0501028995123465,0.316917531806937,1.31880083362126
-0.397871099506629,-0.245588671995693,0.142945330849579,5.00122185214186,0.810322014426913,0.190597855098729,336.678881132926,1.51693738381447
-0.271394401189656,-0.717029259986591,1.48753145623992,5.48420274433069,0.830507036535238,0.170127977336643,373.333064849233,1.55736028360156
-0.168060526887376,0.348919994321408,-0.595046246477318,5.69780783122454,0.8497740985187,0.150718807509101,502.986310585426,1.68568934889804
0.639790085844332,-0.834459290127185,-0.488210931897484,5.507056884266,0.849860184527107,0.149257366956951,390.480237764939,1.56965968674829
1.01957138882821,0.162760705792992,-0.97426145801772,3.10256372645268,0.722091038920043,0.279642750973539,369.801017458831,1.54973678681671
-1.45901628603914,-1.46322224843577,0.335829525765633,3.28665677191727,0.740163687487455,0.26007767946423,368.976990519137,1.5470417047181
-0.340370899703387,-1.702565321319,-0.152931374683576,4.902872152997,0.988404638757106,0.00932680495970316,0.556917701826257,1.3194381327837
-2.10842622988144,-0.036142334121636,0.919449190503123,3.59215709276501,0.699026594246458,0.30058940863891,503.577069604253,1.68596309585229
1.25668490360438,-0.111895588000626,0.246487443837112,5.09740544861853,0.732147690835514,0.27091420966755,613.697214172241,1.79685856102634
0.659390570380189,0.821540053762113,-0.421262641663393,4.51282270296918,0.659403676404696,0.338973220692703,489.187855029236,1.67340674666844
1.04064340698044,0.659560876564391,-0.506681513111363,4.81734481258503,0.73170699368041,0.27108966329308,545.423584420601,1.72544374251
-2.11231631461924,-0.105007169988312,0.272009380849558,4.40955141448144,0.898437713267973,0.100288466131015,232.8023152486,1.41173252641973
0.119287881465674,-0.106091338162141,0.0826813036039508,4.89692704512461,0.909234006808458,0.0891388397661383,135.922072033988,1.31276570613896
-0.124872127936313,0.0212958047103552,0.739262653279017,2.99030966234449,0.721434465950097,0.280912732062072,336.355502953992,1.51919169394285
-2.32889067795265,0.614172181682546,-2.3145943212334,4.30040865060793,0.88101069909848,0.119923614140859,246.940275110377,1.42637998198417
0.604778958351402,-1.03748789131234,0.998218607223123,4.70643335191041,0.791037541909827,0.209556756892557,1.05437580072914,1.66811971069418
-0.983784479057015,-0.29650148097808,-1.47959411684413,4.00630276977374,0.780503729434768,0.219482227979215,335.062540084079,1.51970044692769
-1.33836830006652,-0.121314660420849,-1.33105286953872,5.51915483800634,0.910877130545788,0.0887630867547168,121.794126566128,1.30389214106376
-0.47226306429288,0.219507554882442,0.0520358482651952,5.6047628711121,0.689645551549265,0.308861422828692,4.86445563147818,1.91724486804139
1.83702850380744,2.37609447627892,-0.0773872025072068,4.99486532258449,0.890301563037985,0.110014364372611,222.630311366782,1.40447272795782
1.16946339070202,-1.01742901577147,-0.522913937980978,5.89233880846727,0.709486822417754,0.289875252139457,617.680877219376,1.80084083945271
1.03423990181851,0.73899404011987,-0.41463627066288,4.48629324793892,0.978674826814919,0.0202425594448394,98.1188727956509,1.27867670399087
0.746439376199459,-0.0747027760456382,0.816448564777058,5.78765057168515,0.928724130368911,0.0705962119729025,213.652301230889,1.3922003915194
0.00983112337624773,0.364146352511801,-0.552268293525371,3.38979509722234,0.721197678842706,0.279922201346144,346.328438298949,1.52590729961925
0.904898462114465,1.92802562198421,0.737277649452208,5.40114804185175,0.988137321417857,0.0116254515001513,162.515032365667,1.34522196867365
0.931787514981254,0.869614468197228,0.2467701334523,3.67648565272055,0.739399685155191,0.260852006399104,438.938813118344,1.61748676284726
-0.346276903648064,1.46194534491835,-0.186029644808677,3.09855935676423,0.798824852741333,0.201184786823094,350.132798060075,1.52889593044286
1.47650997826157,-0.883434352108169,-0.434161442388315,4.59849162606895,0.678568093324908,0.319102496770615,1.82327931799887,1.79047904909432
1.41745271813253,-0.711627860527564,0.923416474072856,3.38707989326274,0.899612714164424,0.10008581685645,172.74346432243,1.35532483905894
-1.098791858721,-0.215886847717145,-0.50152844303506,4.29978443902837,0.740515738341114,0.261086211871885,494.324189858827,1.67090009881071
0.828859542512492,0.413927989228239,-0.731123843302854,5.4054770720137,0.69053567018637,0.309400741656385,656.951180592302,1.83859251438282
-0.797397272029369,-0.61815178092814,0.824435877947091,4.39879525301594,0.840823868886337,0.160142972436437,339.774211915561,1.52447535535291
1.07517699625416,-1.03550107967872,-0.228745067634338,3.19126856198627,0.980016121885252,0.0192538390288055,120.506157724554,1.29820296510541
-0.515542203716247,-1.13415087390245,-0.526743262691746,5.00879882721927,0.670382306668562,0.327374690617872,574.692168056688,1.75461364671256
0.754940711694405,0.968103438557836,0.822275212430051,3.8101707370797,0.85911791735409,0.140874081630433,2.18698461424074,1.38141313283292
0.123370189852626,0.458037389846376,1.36674568772249,5.88709260380257,0.729945294647311,0.269909995628594,642.095567244342,1.82276888811356
-0.655461349869154,-0.67008007662143,-0.0193490106498167,5.39442576426821,0.648803624560595,0.348467422722372,713.869677854178,1.8917045345504
0.428505124831787,-0.25619883648001,-1.74063996541451,5.40200529230986,0.909575265544983,0.0887875613917815,158.242118629747,1.33858143991915
-1.24936457365632,-0.553295860107728,0.655749032195419,3.9959432805387,0.719591468978066,0.279042493329132,379.917671087476,1.56499557817191
-0.0830369225108984,1.02370015686421,0.458459296478522,6.01403737804071,0.989795010822004,0.00879177437611953,-1.24969243037831,1.34136957602629
1.69626186336931,-0.182196145591537,0.626125794884437,5.99795261931339,0.890468768013424,0.108950721134926,302.761841606907,1.48019534134444
-0.0219546975297236,0.617034307936492,-1.69781844742955,3.99637761728949,0.881115700862489,0.119651641874517,175.589826707715,1.3519334691009
-2.20461659868048,-0.280671958863799,-0.326861639364658,3.01082369437726,0.919269358660073,0.0813131177700415,95.2382321963982,1.27539272125028
-1.66801508120775,-0.715564192455818,0.274220276810297,5.69947813356499,0.867460986219712,0.130918219230709,361.178023357521,1.54227780822404
2.14723547053488,-0.135301262429678,1.11786933937864,3.80546475253994,0.681039330294153,0.320212822596958,464.870022060817,1.64582718901153
0.649648659223191,-0.396562138960055,0.281865925015275,4.10743533714588,0.659400686594065,0.339168624539031,522.27329067325,1.70281868834514
0.400065331299499,-0.43809107270465,-0.150529336960887,3.28977949195966,0.797923121880973,0.198961123725571,324.950426237047,1.50862261993352
-0.672876997080918,0.655521994496882,-0.745010722949507,4.79156561940732,0.650377168611732,0.351061593116612,622.524150388557,1.80344012046563
-0.751822546721263,0.773733646705047,-1.57996566520704,5.20355939569377,0.891242999094824,0.107406738207729,328.434917520337,1.51338893518608
0.38074221350369,-1.54893355310849,-1.14373949027998,4.3111673900792,0.999601699712783,-0.000472632589243531,-0.502875032761052,1.32185607998262
-0.332712709080871,-1.72026868866345,0.153338230639119,4.29426157541134,0.959417974418754,0.0388970959592169,3.45005931045052,1.31830876907377
-0.434345071481664,-0.102260987393687,0.25806842413618,4.59143502380063,0.948287831590561,0.0500526479313089,210.232780669512,1.38821464809402
-0.955534328184995,1.39154354661646,-0.0485355235956853,5.10171500174066,0.868499471737927,0.130442749985153,339.22471760044,1.51789231279283
-0.236405592869759,0.687279432751622,-0.167876862619852,5.10137387607917,0.831556771575525,0.17095774188496,454.886301886195,1.63562871829474
0.929366883099264,-0.958569401984902,0.489541321438389,3.79484070215126,0.980366681255716,0.0207820844554713,118.024991766983,1.29784265360108
0.165531314343072,-0.235718175612486,-0.0950822015605493,5.89553668925427,0.930998232110921,0.0705261594642169,192.42849103171,1.36854971133481
0.463585296038107,-1.37708614803347,0.995018275658233,3.21357710081762,0.840505196307441,0.159095751889028,265.877066169688,1.44595085788644
-1.25241950004645,-0.0526060701095564,0.826997508420678,5.30073848647227,0.669639620232004,0.329560518220593,659.805526553091,1.83617309381624
0.106992249249278,0.13675968589124,-1.70000525882828,4.80182702093093,0.930694102634582,0.072411394717507,157.033286556283,1.33991760947884
0.409334860922452,-0.250522685029437,1.02149442350649,5.50542446987204,0.930499202529659,0.0691057515168127,-1.01075985712522,1.31193017400786
-0.227712945709864,0.184010482192454,1.3982905842625,3.00933538029271,0.980119360143044,0.0194155802601944,36.8795378868565,1.21326632158663
0.896782936828701,0.111773676059732,1.10497475526158,4.29398856743562,0.758341355516907,0.238889696604661,401.308185898762,1.58064323420396
2.47198556437253,-0.679055128789865,-0.692475949455359,3.90478933243427,0.919875760230177,0.080564722731299,94.9802856222714,1.27509554539428
-0.892086723315769,0.857210995884017,-2.07006511158535,4.50549222902053,0.780489256882501,0.219154623926768,394.104675567884,1.5752601787813
0.588911146119556,0.278900683939183,0.426637725128237,4.99135469317975,0.911259349133481,0.0911924854333456,-0.113096900393777,1.27841220419469
-3.83099247694219,0.749914638614301,-0.58839827702963,5.00941884253129,0.93059395549537,0.0702465176742852,109.449682721179,1.29175280273594
-0.763464449902218,1.37567283595277,0.978475257047797,4.71358060331485,0.949661719572672,0.0512318711011967,185.801426371979,1.3662458761853
-0.26579936006689,-0.40987703084559,0.835825290696103,3.59327274595368,0.801947834367906,0.200761141061882,406.641125852041,1.58658994581054
-0.628150645534791,-0.932452065793093,-0.301998489880554,3.09775538290954,0.937958853591772,0.0604555511972965,127.004570022184,1.30310807796565
1.02950139497814,0.385382701226308,-1.01521328858628,3.29475400518878,0.899694909032064,0.0989453200069453,187.97693721121,1.36677107638244
0.592237039887261,0.0935655991641709,0.847133983746809,4.38772466841638,0.96009172490815,0.0422962922321841,113.003827488014,1.29807451232901
-0.510006741098369,0.13084535762014,0.416697298231408,5.30096918560679,0.847344197684263,0.151169535541329,436.129810547542,1.61990857513538
-0.623661356586792,-1.40495082021037,0.993449600347697,5.00158566386267,0.850156628006907,0.148817028280448,3.28570404256164,1.53820395277289
0.205604032201561,-0.773347483111351,-0.71479668632352,3.48888822505159,0.700191373450936,0.301008777843504,421.409384595837,1.59537406998714
1.22768306953392,-0.508785041552762,0.38425418493478,3.00929304775501,0.998912347303986,0.000947523822409474,40.0771305766765,1.21683894209339
0.616322345534053,-0.154593994293155,0.687712001319185,4.3101502852646,0.861293072594791,0.138521387482166,236.989693562761,1.41686304832065
-0.123627208197067,-2.09564146846219,-0.0444767571854899,5.79995619064528,0.910485628247827,0.090742820636502,209.833839268864,1.38596627379042
-2.02977224528965,-0.607113107996753,-1.84716770377965,3.58994869600336,0.679437044270965,0.321970668005532,475.089512861144,1.65607588209986
1.19379701220683,-0.0198125858138596,0.26960519336639,4.80073262656816,0.811827488224646,0.190760145219615,376.705839494943,1.56005589227879
0.919927263375444,-1.33859888159606,0.592838495416156,5.9948812644985,0.649066978412512,0.349678552223901,770.146627353586,1.94841350075364
0.0451049620296727,0.0329373311590791,1.45257938789342,3.31139150606817,0.778882973539175,0.219951167302623,316.081748858579,1.49409659471778
0.714730731070365,-0.689454715635028,-0.0429526013805584,5.91072265535812,0.790181811152387,0.209340360301351,-1.25538391061298,1.74046271206064
-0.640268731063323,-0.198544184189049,-0.687425000982691,3.40631588596422,0.839047820498962,0.158941796906661,248.690132798172,1.42232272648264
1.19553960268979,-0.276407308845826,-0.542468997044227,3.99810222667339,0.700159032403739,0.301846974457467,476.501150825876,1.65846267719071
-0.26192983743605,-0.336350392301174,0.935028637234436,5.61340047218544,0.949105391621545,0.0487352479690125,275.197908459866,1.4573660747401
0.747087449516666,-0.182785923593745,0.890313221139187,4.59006126652884,0.721073916207688,0.280473218320387,555.546602276762,1.73873952518927
-0.350550542373867,0.829315270650784,-1.01078879423991,4.19388228242027,0.800090051257844,0.199104756119489,455.291296645602,1.63713249925877
1.00241202013156,0.397667224307559,-0.930057694325103,5.89687761201451,0.809246221726231,0.189662699570356,435.585777254162,1.61735527985961
-0.7719380462733,-1.41229412375198,-0.170624567694206,3.99667652619165,0.741050919536931,0.259988625712247,409.424307891957,1.58520805382204
-0.409512088084862,0.664463532964554,0.917323122023942,3.30572985916316,0.70014714641371,0.300405073625955,-2.013020304701,1.61219482847705
-1.14551480322093,-0.0554489295308398,-0.306027229741976,3.0955504940852,0.860332629800072,0.139512092517015,197.360450859724,1.37536703628597
-0.89765264397346,-0.0437805213406548,-0.888864774669364,4.91156966315446,0.711204741117326,0.289475208800566,514.394668715906,1.69858127990741
-0.666880379939632,-0.373804880742265,0.977961060764183,5.39393440551851,0.750921975477223,0.249945438129593,593.071874124627,1.77415264460487
-0.0338465424484386,1.58758320100409,-0.0160859200319404,5.79795530239476,0.890765787212868,0.109133640720258,352.332307624104,1.53226510857517
-0.258256730527079,1.00495863165625,0.628923556916017,4.5931962427617,0.841223687161782,0.161039954450095,418.941216122497,1.59521486044299
-0.280303086583791,-1.82965100686252,1.04004870575379,4.10528488036873,0.959257793133155,0.0400698434915567,185.922324389595,1.36508331745397
-0.943241064330885,-1.23444636554177,-0.0725210449278579,5.59644613540952,0.930690055508324,0.0707833079284348,253.972339288614,1.43893816975932
-0.919801427730218,-1.50644443923995,-0.788268808032931,5.89488143318672,0.650508211466549,0.350587384601794,762.371871899035,1.93986815435474
-0.664689869664605,0.965364092844544,-0.721139688778168,3.50726721007481,0.979070508544316,0.020560759846674,54.9351180926667,1.23403600051711
-1.5802638820053,1.17391183963169,-0.306600175685185,5.88341243202277,0.849327746409691,0.148004919006964,466.098518384762,1.64766694156711
-0.0227421881292273,0.306845855135405,-0.169972991232933,4.90096169273842,0.87106823744169,0.132158152024076,252.168208952464,1.43143050978653
1.25161153068138,-1.12421561113139,0.573822407927259,3.39960957802881,0.921184823967136,0.080865296015514,72.5529267864312,1.25328533853042
0.599293487638688,-0.0888397830444342,0.540994392050813,5.80708476144169,0.770426348587644,0.229348331345042,559.297808616716,1.74448031465461
0.00910788113666351,-0.505525213268708,-1.14086515444206,3.50081344356952,0.878742581556461,0.119919540274638,149.910217281347,1.33067976151984
-0.141003618897012,0.714343736908839,1.96739437151014,3.69711409863437,0.860196934664192,0.138646704978113,-1.94210053853039,1.39001844672112
-2.12617629331118,0.173079067442438,-0.246157528252921,5.40415847882858,0.768135618338982,0.229116312881282,497.98675550921,1.67723404330205
-1.67788328958697,1.47751359330947,0.965089853594391,3.40085870414685,0.760897226135245,0.24029026667472,298.675291947129,1.4799858857669
-0.521717248206578,0.464369089510122,0.00589204309954364,4.09386518140427,0.919922412813999,0.0809937610847508,161.579500394664,1.34207346597848
0.120053399768353,-1.1370105713962,-0.670764325125705,2.999978442479,0.740013759422067,0.259902796930536,312.475788634648,1.49935494311958
1.14733689728019,-0.768325225078783,-0.615042324822164,5.51071351461672,0.751073734805379,0.251065281061276,584.436444077871,1.7589812944664
-0.965740264096674,0.271000853329677,-0.368467030878925,4.91846887303731,0.728368563672067,0.269985271422401,539.492423818914,1.71390752995868
-1.83251839043847,-1.27229710985579,-0.0447012087269669,3.40265784367212,0.778707953879922,0.219375738612543,305.926577940264,1.48614117834165
-1.35324198790112,1.2072285306795,-0.315562780342853,3.70490899400917,0.71881596556486,0.279768634753349,417.226414041249,1.60227287388157
-0.173053457550684,0.457254768944726,0.38322684710689,4.19387012003699,0.98038572401727,0.0181842656501515,161.557280820701,1.34071943626264
0.622809114012811,2.48641709977982,-1.49128666870577,3.00141000027729,0.821092116339089,0.181226646534801,2.96485590169936,1.43057650468738
-0.0509810263875908,0.509300713205393,-0.036591537053323,5.91209845152542,0.83046643102869,0.17021397967148,454.120983764029,1.63564615054025
1.60124302204368,-1.0571395706139,0.233869448681391,5.21011174960456,0.729258058263836,0.270662157456159,603.438188911593,1.78210136385417
-1.11825110983316,2.01065960412897,0.51716694605501,3.00651924895236,0.960581363398158,0.0380990920967584,36.9901446948066,1.21772910951007
-0.628943711167993,1.52968232891587,0.03847485307073,3.49211515187165,0.900249831331586,0.100345434299292,0.895314613705068,1.34064329259874
1.20860762929814,-0.901906070168836,0.245380175654568,3.10974700995719,0.682074122263844,0.320298908212206,415.287666259597,1.59609364949283
0.953971503311098,0.219514745399982,0.857364580361601,4.49333639919666,0.740914000635923,0.260169741275806,469.137071387872,1.64695826026631
0.230152376967076,-0.486290395233927,-1.46947255051141,4.18692891944387,0.879551603483935,0.120280236373038,2.99400923799907,1.43631568419597
1.40357906502349,1.31104986887607,0.200916282523612,4.61030011682225,0.759087624031219,0.239250409902696,476.134581678913,1.65496542449633
1.06786398538087,-0.584342058417511,0.967250329559211,3.79911547735777,0.719344793975033,0.280024661629575,414.337857558494,1.59081192213969
1.41229729244038,0.644577740129677,1.00265163040101,3.61520063068578,0.819694114920494,0.178879799419951,309.6724397482,1.48729108796172
-0.0338294943663787,-0.9936042204305,2.42090651321889,4.08688823400712,0.981005648109532,0.0193236631333242,183.549323409877,1.3656242176651
0.550296918921503,0.593227196545205,-0.657869931310124,3.89868985038721,0.80048898369086,0.200306390159339,371.49305991845,1.55154612529136
-0.0889516020394521,0.375635161750991,0.90726780503658,4.50662911333606,0.960867207463943,0.0378320292827994,94.2536282003218,1.27666842282547
-0.382351132786227,-0.297436724290532,1.71576976081704,4.48452628787085,0.700142891146653,0.300941009426843,544.079682823429,1.72513288205773
-2.24112668026241,-1.19559816901397,-0.343916827536905,4.69367407142351,0.689004436077197,0.310043869238008,613.522129135637,1.79469820905873
-1.21649982774855,0.924868831624826,-0.286185289279099,4.89238821268228,0.969156941598594,0.0274596807561831,2.54980290897677,1.320925016242
-0.741258528038358,0.592543130877654,-0.643693555853689,5.50517503852994,0.870640750654952,0.131464640476632,0.9637601481104,1.43097309428444
0.0907096887867247,-0.965919663394711,-0.252765850598667,5.18842784415763,0.688674358584007,0.309363811288373,678.882341046686,1.85934979420402
0.266668373008811,0.418375876439468,0.436879796782238,5.58495976213795,0.910093522518152,0.0898641873489455,247.253022105228,1.42241201385006
-1.48448142681998,0.00473315070009545,1.31993316562549,5.21452388474851,0.790756609528315,0.209806299904968,535.534029937098,1.71754324745577
-1.37478949998682,1.97943602499764,0.0483276717112749,5.50405213064729,0.668873174305618,0.329987972183254,627.992980204596,1.81035448635344
-1.37639601358735,2.06060571660709,-0.436396343524871,5.1914938149561,0.952027311225224,0.051159032889957,219.518047706801,1.40203322789679
-1.36005955383054,-0.971377474056308,-1.09722704293991,5.39746264105541,0.850496899958871,0.150014038280934,414.144519610274,1.59620999839169
-0.734737373093004,-1.37404592453722,-0.899681574802864,4.69936627567174,0.911648725964382,0.0910950001987077,161.512834500747,1.34579193843794
-0.816486656083559,-1.01263754284635,0.253708103554146,5.39451574952088,0.788545718953235,0.210723986536071,518.792940853481,1.69654166376126
0.0202463165233743,0.23494048204764,-1.7618468665003,4.60619757951238,0.931252272614151,0.0705764709307435,185.986483542124,1.36621196173404
-0.132964639532057,-0.798767435221069,-0.428116562639448,4.59182777578183,0.779126229140652,0.220987203849718,493.1919298953,1.67345243199473
1.94003841649758,1.76864743339975,-1.59351257771767,3.50185875578278,0.959189206991505,0.0398651794620271,52.1036635566807,1.2309859003054
1.16402910680275,0.761058335673342,-0.694468259743474,5.79183986481143,0.948801739844728,0.0489583955235047,215.828461802983,1.39542310291946
1.01844102367583,-0.686095495066721,-0.412195538425324,3.70912563645699,0.800467044252721,0.201165565515116,398.73742959199,1.57216097431851
-0.108261168937576,-0.191118201901587,0.667212126044574,5.29754259216129,0.969994292922991,0.0302380471686397,194.095497081988,1.37322948813546
1.67518705691223,2.17828842329136,0.668550595464833,3.00465659349202,0.80008943424854,0.201393079869763,-2.4285747906743,1.4605689990989
0.442515315523778,-1.52542254905428,-1.51690763478073,3.69818864927926,0.941930928320745,0.061031811158157,132.225940222656,1.31233994095738
-2.2682713653097,-0.112773464764272,-0.643574149359633,3.19102395085316,0.798865019376196,0.199799411202224,339.296441219762,1.51666356447685
0.408518251480409,0.416456888846498,0.678968784175245,3.19280831001065,0.6586902349553,0.340585397194035,393.411406729687,1.57436322777793
-0.0274859503382724,0.133214141485585,-2.08592499740507,5.7032411310778,0.930432561673293,0.0689473601010313,2.74858431820805,1.40904594208942
-0.0561641392721638,0.181870297991807,0.555101876404784,3.59031711632498,1.00038945914287,0.000429060314470392,161.625120657663,1.34306459758462
-0.548010940668258,-1.21631493200874,-0.0956313224610248,4.41084572124084,0.980237417451387,0.022019715669719,121.595731986944,1.29914524680412
0.0540367132063546,1.53309328953218,2.22997369611506,5.40019841479565,0.951648781312982,0.049454279381917,168.00999293834,1.34839085341771
-0.965778794423944,0.305834763713129,0.506786049827966,5.09151366335384,0.951968495867908,0.0495678132484202,251.629493724241,1.43031217526349
1.31139534100822,0.474317923548731,1.72203079929068,2.98310876579758,0.682274111747052,0.319687135459123,371.445698548478,1.55004088898048
0.0703505050740077,-1.40652735916687,0.364633031409692,5.20741735782265,0.988703263287868,0.0111834953351091,223.258194924439,1.40223608552847
-0.772464199835436,-0.64333168447357,-0.733199440654867,4.205812328084,0.899797044669296,0.100259966646839,282.746245440392,1.46484751362491
1.02349514959489,-1.68103067163315,-0.597525413961035,3.5957787338173,0.919277451311693,0.0805440066258687,-1.54553484562934,1.31905195728244
-1.19500114312143,0.858180711640272,1.13305802647824,3.71072609086946,0.699604438230486,0.299925465757473,497.99020518434,1.67880037887746
-0.473644337943106,-1.14933161321431,-0.451866230818241,4.18662781750655,0.720763394697289,0.279825428812647,-0.118137657141663,1.65925473077551
-0.767120339956308,0.416380842423359,0.8053123281798,5.60359817123072,0.651049142732147,0.350128960493737,736.247403242227,1.91768904479283
-0.828371049965307,1.38454932563387,-0.17192796080047,4.49686192836254,0.840934790252875,0.160030307823759,319.941891919997,1.49968978379748
0.523946454419482,-0.0137526191795716,-0.0595460680388506,5.59545758037442,0.870341653229599,0.13079067630212,376.35404747377,1.55688032343779
-0.721816628647229,-0.0784063340070328,-0.330898259346349,4.49434566391886,0.680970498088047,0.318247692711357,519.116649709354,1.69572378945094
-0.73266262938143,-0.68684590103357,-1.7712072192515,5.6986559936223,0.950369584692187,0.0495140942309797,249.375240153644,1.42804078049775
0.451508475583826,-0.241980165608158,-0.746459780904462,5.8150623253701,0.750485326939839,0.249029619135291,679.390424829651,1.86182573370157
-0.121673256493655,0.627046916194028,0.688326101238543,4.08928772967992,0.719274467330446,0.28042991639457,490.358578756852,1.66733252904756
0.84456475018546,0.0148774095770897,1.30900342816099,4.80716080541961,0.910644362656964,0.0905422745128208,1.6695623919523,1.33130942647357
1.81240613817179,0.485563285686881,-1.52224711731268,3.78010189598424,0.819803673027704,0.180033459201383,287.99885347893,1.46617887460819
-0.230998386762116,-0.132714138414463,1.77148824829283,3.491580733621,0.859477327717389,0.140061666937456,143.302663614555,1.31962098963708
1.62509866941316,0.704169548727061,1.10087655160414,3.41221509159826,0.679636378205206,0.319822980548545,398.708197062971,1.58095913281629
-1.08270591085563,-0.899465303443115,-1.01449138819151,4.8063565756342,0.850585437481639,0.150759075449208,393.533540438516,1.57808699703861
1.81116629151177,0.00119673585536735,-0.402164539743703,4.99905177778001,0.871174244185361,0.12969826969297,216.525506580056,1.39682275243104
0.608429750025214,0.0390035790785075,-1.03907303308008,4.40653431603807,0.660218175702468,0.339111195789979,505.154044849018,1.68461105885427
-0.435606387417484,-0.737762760053627,-0.0525819379887572,4.19954785303533,0.919601828542679,0.0792114186531347,139.640651120829,1.32460341941724
-0.0129842253543085,-0.80682451491958,-0.540945768540773,4.09850813598166,0.682380520414744,0.319267739091167,538.107511405179,1.72216626259039
0.0929865646770205,0.72701819732503,0.394593602706705,3.79341367656243,0.959049686124554,0.0399200720517465,114.27658472287,1.29929393558633
-0.804125582679651,-0.349500759038095,-0.671527182525925,3.00935116786089,0.7799362248855,0.219484774044478,-0.830050165563543,1.4673933333793
0.76743585793992,0.160766379723269,0.592819760954945,5.29180693523042,0.928032020536298,0.0690251399495448,181.91311250814,1.36782499149987
0.874140722187214,0.376616249488403,1.2242744250522,3.78687458831925,0.699771861353783,0.298164221070587,495.747637976844,1.67481424583602
-0.329712754597417,1.32119361685935,0.564243565048302,4.6057589056269,0.969253627763717,0.0289214801348698,205.994555615684,1.38760849927549
0.136141187809976,-0.339286994745377,0.593805319709628,4.99005108448072,0.990252998396033,0.0100374887382925,116.640364880926,1.29711409367559
1.19069080424765,-2.23525706382348,-0.584332648381748,4.98482409067029,0.829327748172131,0.172174620212093,350.918859115774,1.5306884895307
0.459933519061497,2.33054069744913,-0.499827682612416,5.18736702591598,0.929003927048682,0.0714255711541674,199.205787982276,1.38326594011549
0.658285202960731,-1.31292231274244,-2.06590576283222,5.19533532152132,0.710615116215154,0.290582657352006,596.304634589051,1.77474971349314
-1.46252442795552,-0.977412513072507,1.06042539359534,5.99998510034538,0.830341578334915,0.168032845043316,422.09944418478,1.60461429026846
1.16662791824654,0.307683176254935,0.238608152822147,3.99515868361302,0.898718706529249,0.0989261771353035,182.40055064216,1.36319323123755
-0.141189068951198,0.478588482872701,1.52831351895008,3.30442230392975,0.76231748177015,0.240245621068387,304.179732462502,1.48102993345458
-1.3462339166896,-1.1144865085881,0.691196458582217,4.800594466588,0.691001584079095,0.310447570409231,0.674605413544622,1.78783729562588
-0.467375526627067,2.10546530755799,-1.1001427046611,3.09634117135652,0.659084015048071,0.338461833793365,398.967090393473,1.57913411580309
-0.450253084774801,1.52670381135559,-0.550054713310972,3.89936259364554,0.818779527688753,0.179189161809673,274.856962011838,1.45290886788203
-0.965670764626289,-1.41413752926886,-0.040277380980091,5.20904776057216,0.910196712973574,0.0899334958923695,192.888072360291,1.37271145043731
1.5478003595564,2.09699289983754,1.17163623931426,3.69405366807412,0.65819681408461,0.339482961216178,453.05556026115,1.63414965322273
1.13810482430304,0.600743420246617,2.48770929890896,4.40135316088529,0.999941365207487,0.000135165580370277,117.962786228296,1.29540272421454
0.712095521690749,2.13198520383893,-0.454618158069601,3.4065812574249,0.979905793300951,0.0183451030295342,75.4694381327292,1.25557252713521
1.40675322268903,1.48460411096088,0.836496843176253,4.30451524489533,0.900468099525999,0.100054967741517,258.417492424412,1.43774540708825
0.36475474474901,1.11698684126133,0.175926942201213,5.68993436028444,0.728837961768185,0.269387145052077,661.667958084074,1.84395463625221
0.219554249906603,-0.560681473329418,-0.202785816277944,5.30970062215526,0.828379357946737,0.172129405646141,424.777409085733,1.6022960034077
-0.176346707482846,-0.261247542915265,-1.20071491980522,5.28712750324986,0.949781667401417,0.0506597471818076,194.876978853459,1.37584024689734
-1.09961754986122,-1.48860787411497,-0.463392043614594,4.60753580895967,0.910518184073721,0.0880684008825806,182.380152038248,1.3600189873245
1.53590492564657,-0.452168168356407,1.25606125480884,4.49734618065007,0.882068455450064,0.12027789977223,200.999790619747,1.37683706175286
-1.63605209075424,-1.91081443304488,-1.23766789128085,3.40771312293359,0.961530629427743,0.0400702735287832,75.7360954925884,1.25786929865186
0.796835527102216,0.0270784527518738,0.0858233687537232,5.10477956990368,0.690178411006443,0.31123831625024,0.360304260363892,1.87101540496857
-0.831592500494758,0.513112572345391,-0.0581301964498849,5.80709121141465,0.669325395834022,0.329379854586941,712.973375331776,1.88648229297447
1.96753867498656,0.688989312175443,-2.13108405372515,4.29223507671977,0.801043601112572,0.200677160959919,442.807723762969,1.62346599914101
1.55796038053833,2.55342530814432,-0.489863687946749,5.99072520089697,0.868334655212759,0.130467715601675,-0.595737615373296,1.46979639370592
-0.992509186425014,-0.853446251549962,1.32317809684408,4.68774977935732,0.650507591407748,0.350521467320732,605.676396682693,1.78849659423958
0.467187691598837,-1.15985227993933,-0.112108743748295,4.39582113332344,0.758412815245158,0.239808186294403,393.248102941787,1.57618801255074
-0.743426797708532,0.0229269490158673,-0.861527269971455,3.01340144547077,0.901608107732671,0.0990185900127408,140.249622786255,1.31681150995332
0.123678155672985,-0.151724225330099,-0.181477027093536,3.10967374431749,0.740905117954504,0.259731907224502,382.813810581398,1.56308196046158
0.967801865203325,-0.474070660153418,-0.147092696838442,3.30803127843763,0.919833774432945,0.0801140738502956,89.0708787662345,1.27269648057236
-1.45423614722565,0.608665881046548,-0.674086035183311,3.90113461855641,0.759422799320218,0.24149144411455,337.549316793963,1.5169380340307
0.193265343868521,0.763054267668608,-0.414995240374189,5.50411951831883,0.649936274761595,0.348464610412025,727.383103388139,1.90701263290895
0.824818958611674,-0.456439527933201,1.38017993447061,5.09652809239525,0.649439610315804,0.350994180724816,664.717182209209,1.84961471057179
-0.0471868232122819,0.515079984964005,0.124141345879451,5.49510202848811,0.790302539055321,0.211565323464005,503.996893142602,1.67671530539087
0.600294636708966,0.706484961924992,-0.702617081469488,5.39288225053305,0.669609890626363,0.330512996216257,646.215351762152,1.82792887965712
0.452620936706547,-0.273935449471626,-0.884908522335684,5.19236338394659,0.670172067446437,0.328703569530895,3.09422924386459,1.83851450024976
-0.111441148613086,1.32075752386107,-0.291833125354528,4.18596322382209,0.739787653310798,0.259467823732995,499.743629415415,1.68203331463022
-0.415306709901936,1.06106940675951,-0.0273867227392103,5.60998389010977,0.789682048255598,0.208799888828633,607.670121926794,1.78577234067501
0.717933888123953,-0.22748464487647,0.377026664012742,4.00102389357009,0.66037198095767,0.339735341166086,-0.135243685716299,1.61365268161593
-0.119412607295065,2.09583947076502,-0.397844620175049,5.08172480455275,0.93111333593752,0.0675708910126078,220.845168027907,1.40251079384834
1.35813848930746,0.539522644115975,-0.95680407526935,3.90640462269217,0.940311068243932,0.0602279327116242,-2.25747749060166,1.28101418689231
0.793102682382249,-0.375700741503599,0.107739885286806,5.99465605817106,0.951397643132803,0.0493195358466347,1.00888356852747,1.34099489743333
1.83763829132024,-2.51629621579863,-0.919030728081172,3.89944973114644,0.680783229176331,0.3199476462421,461.923251941197,1.64230369265079
-0.423762584727748,0.671924517797823,-0.0528530596023707,3.69398430620959,0.998840531899292,0.00187927702787601,-3.5407613378177,1.31843286807253
0.25050710625954,-1.05438178443098,-0.691877465452245,5.71458013283253,0.80808425836856,0.191297790261124,470.216294497428,1.65102662411008
2.00640277172031,0.714312802293289,-0.516880548752711,3.79516715209623,1.00034997497211,0.00123398913680185,118.262894111355,1.30029534863371
-1.4548444851189,-0.511876631645461,0.290451562722382,5.61354057170694,0.990307717505116,0.010196986883693,280.717261156605,1.4593768979477
-0.0349106986904269,-0.78324561514001,-1.06888441002288,5.40264373938353,0.731076918136782,0.268716951244428,584.611282286313,1.76537196386793
1.25095500605035,-0.937920912947592,-0.24764880237703,4.90478934305626,0.828973394139068,0.168725101517614,373.736241134219,1.55034374582482
-0.453245357566496,-0.179424621010805,0.868151374356311,3.39090000251925,0.86098497452268,0.140365540534408,162.593761392135,1.34341902104858
1.91388934282536,0.274827399838204,0.129087729087491,3.4983629789392,0.779423942533335,0.220367067533151,292.532216711303,1.47851909119792
-0.727770676611895,0.481197369974554,-0.11735005910627,5.69555393341587,0.769492496579121,0.230824191202444,573.121828424586,1.7525083606783
2.4532635021462,0.319705910794783,-0.675364131121076,5.00812540165472,0.970011283146911,0.0300977606740786,115.373590305338,1.29791635729959
-0.866291501924672,-0.176008810519475,-0.106157393344497,5.48853871935071,0.969795218522927,0.0287197134228457,138.821167436276,1.32217127200661
1.75116050735472,0.23658224706769,-0.127537843903832,3.70507302937728,0.901050152791641,0.0991865839584721,241.438186777158,1.42055946307548
1.26409616740186,-0.477689405000962,-0.756560257083884,3.20779190194527,0.740542312951704,0.25949490528513,380.963229708934,1.55660281096174
-2.04848295295977,0.269151019401934,0.358529030323994,3.51031151820543,0.719061245829931,0.281214764621521,327.526226803718,1.50628136435798
1.42751366712465,1.42142158064713,0.800362775656297,3.39597655001353,0.738647032063994,0.257953719831245,357.430341121155,1.54068779615764
-0.462232884440342,1.64193595044343,1.34764207618771,3.60802355896673,0.739041659358357,0.258935212004296,444.501030705087,1.62388499672976
-0.961046498894667,1.47235752313751,0.589679841984668,3.48617639350782,0.75965947373068,0.237930809524266,289.353163659951,1.46589220122393
1.5901060078703,-0.436943331586872,-0.14907395468147,3.69989921738392,0.677905294774386,0.320636493775343,-1.4099655204513,1.65038491376909
-0.0490694523554979,0.378702272646385,-1.77608405495877,3.89827327688351,0.879214844635009,0.121809724927136,194.66270962261,1.37621655030279
-0.707789640116455,-0.617300562233548,0.776134201186357,3.70832522473441,0.840669334312955,0.158288932575993,308.514363765716,1.48841743877043
-0.0999747472943861,0.332572035977427,-0.581725908001618,5.70804907842316,0.791266860624297,0.210464291785482,593.697207759019,1.76761167076845
0.986352650893347,1.01869031783511,0.675817336592539,4.01217380002581,0.998861967921133,-5.81576062728236e-05,77.5767838818619,1.25300581294268
0.345069552615139,-0.551949212765243,0.972353301434747,4.79876160690392,0.670061668449034,0.330854802320852,593.190602732362,1.76897350127758
-0.00941350060085536,-0.63179650494293,-0.545498193171553,3.30922631470981,0.720768400194314,0.280663383914437,357.215999925166,1.53485423878189
-1.97918656416549,0.494859956511025,1.92689789747592,5.58326057938059,0.729873062099711,0.270628768088287,670.672298190658,1.85430948670032
-2.10267564267564,-0.725886721691654,-0.342925603499145,3.41494914952916,0.99862590503678,-0.000574812946125132,75.7924593663392,1.25798211757165
-1.4968600615977,1.04126577865052,0.155142007948356,5.09186472339134,0.786274211977741,0.209736190165801,547.980451301113,1.72820342384314
1.73461760087352,-1.6170009287392,1.17391000683336,4.21727936333081,0.701096448787486,0.299826549369876,564.59301996815,1.74442109592677
0.954650755874029,-0.178057802989585,0.141868963755004,3.9821883669461,0.920464999007741,0.0790330259311318,62.2691083954253,1.24440773418782
0.465880292230263,-0.88056203288677,0.577116532702516,3.70150295545265,0.919260471852644,0.0823455892438539,122.271838198274,1.30563267875734
-0.641371686534525,0.510460057488744,-0.668133490559105,5.00353055810433,0.747768400710549,0.250931072272022,548.032568566386,1.72240115027349
-0.252747094221811,-0.524210282920159,1.58776642304409,5.77735684837081,0.830338256068085,0.170399540823588,469.377419966678,1.65118420585337
-0.866809119832806,-0.950694432752329,-0.133148283541878,4.5928885611233,0.890183591156609,0.108658665812827,320.334629981802,1.4975683538046
-1.39588867901013,1.31177981067174,0.567084165253891,5.59756507488013,0.748876319173787,0.251331108563531,711.184875270968,1.89586324146721
-0.680735711362082,-0.321289690745825,-0.435949640702449,3.97862624871806,0.84118120768357,0.159886018206369,0.683713480890533,1.45242079473483
-0.375959642777736,2.03825594491279,1.09298553757356,3.99282137736155,0.961858945878014,0.0384772461475161,73.7534636079215,1.25564585600189
-0.260859826351313,-0.953281495947865,-0.0494935723623199,3.60667049541644,0.959186160176686,0.0402431543590472,164.640139949765,1.34165594523287
0.751446786224653,-1.34546931518254,0.0759934425486666,4.28907745476331,0.662188705577312,0.341654523075494,512.656868222153,1.69171709728868
-1.14577953043799,-0.728374727013306,0.497765370894943,3.00214959728466,0.659457691814425,0.339773802396733,382.608848759565,1.55962769331447
0.603542662784252,0.060919147534552,1.09853731539995,5.68810737617886,0.910350482611732,0.090068338409779,225.516455743859,1.40500449945199
-0.230468095203976,-0.925707721449989,-0.325767547331616,3.08332244944832,0.819358611404496,0.182368019329914,0.707837519843312,1.45536757949659
0.0816893661773859,1.35502778763208,0.0332916553162942,4.90368004744837,0.688805543234378,0.311230227795288,601.056213284991,1.78613663334012
-0.0363149226987002,1.10272026934269,0.240050273401261,5.30818927320603,0.729975220011904,0.270376084099279,591.713126896926,1.77526762752433
0.981678446798528,-0.101439488205734,0.143475616724987,5.09311435154566,0.888703157501809,0.109537738898863,344.979594671329,1.52847150832717
-0.116530154248878,-0.0375057628406078,0.286522348244782,4.10304938097684,0.881243487261681,0.120248102289161,278.673372375043,1.45867593072412
0.801286088511185,-2.32047549476145,0.850795389678306,3.79846634095421,0.781953552212801,0.219675240541696,357.861278842485,1.54179508373336
0.891210968900979,-0.0666273646572533,0.130241429622181,3.21264621379621,0.69987347411297,0.299630823890271,435.503433143468,1.61525780403649
0.253512109041696,1.91128991550371,-0.679238952279521,4.30220822267951,0.780342995707172,0.220174469409973,416.622052941659,1.60135313371792
-0.446862343316439,1.28053129249862,0.610127150843107,4.70000382406743,0.748592401763628,0.249568686273747,585.733511670131,1.7663263356681
0.448982213647005,0.0379426215966363,0.0934548111262199,5.2921262223734,0.64922133902619,0.349508316054992,696.272456051344,1.87774919894536
1.10945873640095,0.336523156698013,-0.498720941619022,3.39072774401332,0.881553587612838,0.120095293470825,2.23155290303507,1.35192596821752
-2.10778444735362,0.938745514637602,-0.624493725051692,3.99846349093962,0.682500065772098,0.316862134627815,455.061723978288,1.63526881882819
-0.946609159810278,-0.0403664588498997,0.643711115790977,5.11211298117419,0.909990326437951,0.0887399226776794,204.669720525796,1.38622992189628
-0.757209511709431,-0.59428174742456,1.87718760824709,3.89443213582199,0.899017799584719,0.101268385321283,208.327358696436,1.3831403371036
-0.499065028436626,-0.325988661668097,0.97125272247721,3.88982354592844,0.700254517373433,0.299739771919003,486.920344509549,1.66943788690805
0.67752110640138,-0.949028514571305,0.225408521474977,5.20397398401596,0.749975750938915,0.249244532004536,624.855593654701,1.80259443590121
-0.0525804567448631,-1.31693895999103,-0.116498637623497,4.10868135808028,0.941027142460589,0.0597186598355877,171.327762949312,1.34721051967112
-0.892939077382417,1.93544728929679,-0.128587041586538,3.20152708040506,0.760935005615118,0.241605947996337,304.298278717062,1.48861502339188
0.324185544542618,-0.818367520685195,1.63296986077871,3.10243208223375,0.980066717664154,0.0202577298384494,141.782741618843,1.31850252406144
0.645224067864441,-0.745513230745053,-0.750013472900597,4.39376172279443,0.917478056086994,0.0812161643030478,116.619405966,1.29503588325446
-0.928470086073759,0.705280459424763,-0.113020215584932,5.80677872334488,0.71035599337351,0.289885774784213,629.652144535289,1.80975387069378
-0.342279791445717,-0.432536416062373,0.353100610329162,4.89102704776422,0.849266047790911,0.150350134035893,375.619132433888,1.56063903600477
-0.749525735476115,1.21664126211035,0.679211801519114,5.89804239464506,0.989686675818839,0.00869931964228585,187.586037063165,1.3680173183475
0.808343072338145,0.618551753072765,1.05284942407983,3.89609007718252,0.840249657107741,0.159898331461872,288.10337510179,1.46746726826108
1.48642334213894,-0.32630662864994,-0.551639758418036,5.99121407370335,0.790371181326816,0.21027022389293,538.143915543195,1.71728157211148
0.0726693983802836,-1.30189325245759,-0.867133340412811,4.39359900603973,0.739016636652831,0.261961093152323,1.56012001990222,1.65685896705656
0.727985179405244,0.338533903066774,-0.797509583823665,3.19486854290848,0.782179948363749,0.219834575229774,321.003195660139,1.49924047208939
0.200607324189708,-0.82791725972297,-1.7066544833141,4.39410360525601,0.79733148080933,0.200990997737718,-1.4394716751531,1.61229657217455
0.963507958936361,-1.32363886845688,0.206360783043342,5.00937161709323,0.78936532571161,0.209398113627039,442.248969835357,1.62215485737059
-1.00145884958003,2.39242653741696,-1.09383527080023,3.3972873663482,0.941613555536403,0.0608686858521121,-0.434821352703083,1.25655195999337
0.419784075984556,-0.0511700701140906,-0.0162340475416442,5.30784183992033,0.809728243736764,0.188396380374239,410.769825281362,1.59166946289287
-0.244815151237418,-0.395231832595047,0.983509932842321,5.1980115370188,0.770198637605853,0.230980532826053,521.400205382082,1.70847624932721
-1.26658166718446,-0.189612459226836,1.38549704263648,5.8045970012307,0.728635491438892,0.269586346281751,650.676714993746,1.83223672018567
-0.245603178945782,1.3052679232523,-0.577715218479797,5.50011428041181,0.77088641756245,0.230849435494017,476.874976164382,1.65274012401995
1.28239171266808,0.882709183250465,-0.172494675988392,4.69616611969555,0.990976912213471,0.00967618539932708,189.385170061633,1.36281463584453
0.487824155729882,0.0833901032681136,0.600960791236087,5.49701665466666,0.689520009380055,0.306629686497001,647.288939879896,1.82286022482161
0.208693380105843,1.68440091570324,-1.26350778502127,4.19391126519256,0.679175909543928,0.318300119937064,532.777641363461,1.71624271660691
0.435684797341188,0.453422073187377,0.748071382990493,5.49803436004981,0.810204706731601,0.188717474502366,364.615151638103,1.54543964669317
-1.57494710649651,-0.924859365941036,-0.442197193195238,3.58828478504275,0.858662965319112,0.140852301852901,2.12451723911201,1.39821662059024
-1.92277660792741,0.199230737698788,0.213155373278816,4.1972389821814,0.662561850839285,0.341253189637365,517.166694988481,1.69524922092961
0.204108013105725,0.771128265330981,-0.26896686743341,3.21207220187969,0.879747069688519,0.120096465223661,186.869444029939,1.36698021860274
-1.39607519632454,-0.729694886259164,0.248373639234707,5.90725165579923,0.749166471154624,0.251366433503184,666.41033914575,1.84284510511209
-0.223097546006809,-1.20495487673492,-0.432430824484935,3.40904019175363,0.69978694550744,0.299404896994516,425.972069290515,1.60436045388341
-0.503057194849158,1.54618818891088,-0.12580889894831,4.9877868172459,0.769430004109296,0.229942146196726,1.11619654468215,1.61091034312208
0.140364639601012,-0.731850657470784,1.05844431618075,5.79938807231661,0.688696249397225,0.310573816501988,729.027310333158,1.90893811125083
0.305630112292424,-0.983725335575975,-1.25181076460832,5.70350135222451,0.988791389967815,0.0112084049436501,247.096443841214,1.42862988971206
-0.0219355567902276,-0.457038740612822,-0.806414089720247,3.70048956181092,0.8214911517351,0.179607285859596,295.41547879415,1.47385179319223
-0.367169560325645,-0.783106008186903,-1.50038118576115,2.98964145048622,0.937979222280774,0.0597046389447565,60.3887734466375,1.23726134559016
-0.684445890791828,-2.02928340441993,-0.610422311485165,5.60423477718909,0.769536848606994,0.229340752780278,588.729049333883,1.76371897858447
0.106590985333007,-0.624383498574796,2.53595978801232,2.99994348542083,0.699713374047015,0.301133866258737,1.82689395512127,1.53586763518521
-0.55470294272842,-0.0870542279085993,0.65852740224457,3.40288518449701,0.818545292907874,0.179230073426526,237.271581250482,1.42092890635122
-1.02089581667329,1.06032362726254,-0.304936008325354,5.49557715672533,0.989762295546734,0.00998480861304393,135.761656945154,1.32033339816769
-0.0500261943189238,-1.70312717290055,-0.00452988198452698,5.90260439821817,0.910293171589425,0.0913495142501768,184.562943129923,1.36626507348495
0.958194844857189,0.667638519129523,-0.870005357696369,3.49721287586823,0.799686512935687,0.200634350313793,303.876731160062,1.48687019173376
-0.430686788711354,-0.0078981027850098,-0.714940499891507,5.30645477737279,0.749449680025416,0.249723418726125,604.979018240062,1.78884535023437
0.018713257360361,-0.26966744193947,0.116763225983023,4.81190255816981,0.971756608167648,0.0293018972800431,162.193424796411,1.34413726625171
-1.42184030984333,-1.04545864826382,-0.352250371138309,5.50340421666276,0.709761465190504,0.288069722683928,549.83611238455,1.73344756341046
1.55409506284028,0.216570170473305,-1.61128584819905,5.11841062184152,0.970103106864982,0.0286627659441632,250.687218853119,1.42909180331538
0.434466676028948,0.838816139147382,1.72717482390084,4.80522585111003,0.830727199992821,0.169861264330207,384.849176011979,1.5672048830401
-0.0917460327588705,-0.684100485965177,-0.527832167333069,3.20913582950633,0.858961513837283,0.138401579122458,179.964465159998,1.3657109557943
-0.411288065540705,0.326689905110628,-0.614359590660084,3.88256461787989,0.720849097845278,0.279083740326652,402.378875757789,1.58307082895428
0.454619634909352,-1.54976134008926,0.959793719515426,4.09846150626557,0.841690211755294,0.160807412287301,379.427651879045,1.5568927388802
1.03697536208508,-0.268876237075708,0.100812233167472,3.29001751433988,0.659735607481208,0.338298252471507,387.626836725356,1.56619964304008
0.674180523356835,-1.80563360738065,0.467846357561063,5.69341335633486,0.889720691836772,0.109248346786867,375.902984243468,1.55455207197202
-0.943622461546686,-0.935662577328451,-0.275729350997444,5.69403025208817,0.830228931420703,0.171059824177873,476.915970207618,1.65946799107486
1.65312652491155,-1.33619309399945,-1.50946336212525,5.28325012109553,0.791638694256398,0.209793876754221,527.573128501446,1.70796197733401
0.516286550051885,1.63811787639223,-1.07813481958794,5.80207165926555,0.808585127513273,0.1891089372495,455.156047532327,1.63390738776901
0.0445067679461097,1.38972264531333,-0.346010980253241,4.59125735056087,0.799451935154029,0.19831519309138,525.545042460316,1.70649840237894
-0.363108971268769,-0.507369556603548,-2.21479221213668,5.39664491238778,0.710773125452262,0.291490869566061,573.070957546165,1.75591232377196
-0.252475516621075,-0.0788224277776145,-1.24310775272145,5.69330224820451,0.691308903997721,0.310877928018889,737.329133524271,1.91836814674372
-0.0238753290508635,-0.674678020549075,0.880546064508814,4.19221599492916,0.8189808220899,0.180851555156997,347.903430141738,1.52716396942387
1.49446348688106,-0.833768488347518,0.0890634738649142,5.49784976763574,0.890042280806736,0.109075252175337,1.7236292953606,1.4501899677478
1.7297241590189,0.0140166924805356,0.92542171568259,3.10103218936075,1.00046083544742,-0.00104563290559125,137.194927366706,1.32003646426326
-1.30170277279107,-0.491078913197224,-0.397599468049503,5.1086580146257,0.711638895319612,0.289812620139352,609.643175171474,1.78417421688344
-1.21518127808651,-0.355093494833668,-1.1301790417674,5.39312476370321,0.970098125866129,0.0308291754803259,162.612199027398,1.34463812346519
1.03865628885847,-0.561576534085628,-1.26354897740708,3.99744046480512,0.818528726116204,0.180506714011673,4.06442147639784,1.43025850506123
-0.0123772889111551,-0.0820762965142979,-1.39487323445938,5.80409407312211,0.989382995918594,0.0119201938183801,217.379486914409,1.39872798075309
0.251770139757263,-1.97948502647234,-0.0279896326822052,3.5057072799231,0.939610072669284,0.0592409558437321,50.8578933450164,1.2329060063714
1.1256474447648,-0.421306824793212,0.32507189066909,3.20572624509005,0.678863635967095,0.3205412608019,408.951709752861,1.59123723256803
0.203458138469891,1.18622975542386,0.471837462864644,5.51028659100319,0.95338618151901,0.0499540761446899,138.506688631765,1.31124144380983
1.59462868276325,-0.726414546043334,0.148139864562162,4.07761825965106,0.798479396141742,0.200903997330689,464.668981035153,1.64847934130095
-0.0182296011596097,-0.470887721487105,0.893421254969289,4.38383382670706,0.940865771828771,0.0611868977013502,122.959310362752,1.29910907421033
-2.04338407403663,-0.0625579089734386,-0.304979158772966,3.60644360072915,0.780669167588844,0.219726856081376,375.530148361981,1.55614740968413
-1.23612431177643,-0.0964595544934863,1.2554683312634,4.90115836735261,0.888999131808131,0.110118354879321,3.03947148742313,1.43721607019955
0.308541153498262,1.29515137615009,0.74146708583083,5.30048923714575,0.770885916709961,0.230299545447631,516.6546182841,1.69341531241111
0.728651252951339,-0.550150384781072,-1.43736154332756,5.59345410147136,0.828308399820586,0.171002736072251,497.247282344731,1.67799106679851
1.05647014098169,0.377541800491454,-0.678161920279802,5.79918855366685,0.79052375341467,0.212028147096013,574.826595060387,1.75244630998983
-0.717283965214759,0.840036669459237,0.589858200175613,3.20618309263048,0.721738544963872,0.280995997662532,358.992655149626,1.54195785210448
0.622477289892563,0.251081392867217,-0.408654674306087,5.29803761696045,0.690115306906216,0.312459850053963,672.066089127521,1.84865301457613
-0.739534359195762,1.13197470127642,0.287652578276491,4.88645592128376,0.671382364540915,0.329610991723223,588.022427235548,1.76708010544284
1.51521158319224,1.54811238102,0.637220519577294,3.50317341665853,0.678146822380573,0.320721073621103,395.399598911575,1.57631533132241
-0.33309848871073,-0.697671694512688,0.635227960162874,3.20001655361501,0.95864495518126,0.0397311836315329,118.418143424136,1.29736105042893
-0.359494488890367,-0.362845343407261,0.527576656340424,3.4944243024889,0.738831630111294,0.261638760677705,349.481546979494,1.5286453845075
-0.232556585365906,0.256420423232876,-0.570370333996266,4.69038702402428,0.710870117381113,0.289146894230573,537.809956218226,1.714870104207
0.545640348682487,0.277907303721722,-1.57450033267015,5.58102093362123,0.971993571975188,0.0298193919241595,276.822282368464,1.45659619865318
0.125426150960262,0.796045693946401,0.708543455555163,4.09948884743,0.698956433232978,0.298632879916774,570.382343215238,1.75065267189389
-0.614983737564162,1.65777780626947,-0.310970099943455,4.30802181903049,0.921029080856474,0.0786918507527205,135.563464048694,1.31350224472232
-0.918011419295765,0.178682970224438,1.09694410550188,4.50548694635917,0.939415580244635,0.0611265938181621,91.6369951285928,1.27322257268742
1.62374496165361,1.19746231281505,-1.70544379356757,4.70460483070675,0.810238338031322,0.191057136413707,-0.700848527621202,1.56920610735423
0.200812751881994,1.75812449836375,1.20398268724216,4.81110761483931,0.949861705687358,0.0503240546504285,160.470375075122,1.3439133947437
0.690648397931531,-0.990999303058281,-1.72021806849576,3.79730144079767,0.75947911426781,0.241072499412635,346.684817200291,1.52646783680602
0.00282219139203931,1.55075577609991,-1.7378074250852,3.10890087433413,0.91978387739773,0.0784654227515265,119.328488045526,1.30021713730736
0.837706869829014,-0.371954603476147,-0.202905305360886,4.09397469538858,0.89779576620707,0.0989227254165047,307.837738115249,1.48743706875351
0.382334434862102,-0.287396410783454,-1.72471628208815,3.59874904337676,0.90041386410087,0.0997160989172831,256.413709713337,1.44204700647867
0.863881793514404,0.559451931605916,1.45695976786338,5.89939519580332,0.969168422285616,0.0297523788791882,186.944529614728,1.3691461750906
-1.25328783689489,0.895771290670177,-0.357457181890841,3.98745241891633,0.980015153460755,0.0191163906239488,74.9185601154396,1.25695377534302
-0.238261668490583,-0.649213292751853,-0.84674432904952,4.41508446128291,0.81901976591548,0.178842130455954,329.639549337395,1.50422117974898
-0.448721211662223,0.0237471370157762,0.859607457745191,5.99659712252749,0.709069541205653,0.291292996006843,588.409177661277,1.77238622295508
0.836842362682068,-0.78047047629008,-0.439922041010095,4.2114243881585,0.999428659554932,1.73972343854545e-05,161.08306407416,1.34367075484958
-0.637079179533096,-0.489061857218648,-1.0846490269242,5.39106368050668,0.831223746274117,0.169008322291162,403.683237892226,1.58619928587151
0.793318396334864,0.784409089200183,-0.436074628082842,4.50205723516986,0.860583437584352,0.139103750937731,188.371573785225,1.36854524781248
1.72943001840524,-2.35290482217058,-0.800880942733997,3.79426581281318,0.920878442877217,0.0804548717287217,114.968129289565,1.29240991314812
1.32224417236353,-0.820905182731658,-2.17020018943691,4.10735675799262,0.99754773149677,0.0010856552776557,183.672002428443,1.36416759674598
-0.885673104364847,0.297205421343137,-0.456371410962482,6.00096843908376,0.748995189002435,0.249093653206764,653.011084499171,1.82972021715604
-0.923960525825393,-1.61630735216744,-0.460053714228481,3.313079796782,0.840786219336611,0.162012485032257,256.46585136371,1.43396400734955
-1.08188650396217,-0.783904378286371,-0.15880810367462,4.70964215783869,0.830121765131061,0.169538213142233,396.155685156253,1.5760526913533
-0.176438821258489,0.607148516476243,0.425890291501832,6.00442906697372,0.729675706539162,0.26937198421777,621.943529428281,1.80275284384642
0.683013678790357,0.804149407978949,1.5189272460884,4.40264481053045,0.779960138505624,0.220377108950091,2.95791581447206,1.59101062855276
0.370192379564522,-2.5239303854281,-0.202513259364016,4.49265301890886,0.799649125123658,0.200334795844155,417.423094678115,1.59434412067859
-0.0783574484652601,-2.14941322922804,-2.28906502456347,5.09886025665481,0.75083593308757,0.24985237885155,642.607127622732,1.81617406593688
-0.24908308638688,-0.604759076971519,-1.10518661176477,5.78356899706437,0.850805614289908,0.147233767979196,488.914002468608,1.66806092324521
1.62785753605745,1.05936257387038,-0.652028647265003,3.29245784377431,0.940215232470034,0.0589999712936522,96.8237329744097,1.27300521296022
-1.05120844599712,-0.710466389573642,-1.08326145493694,3.00036580301748,0.759725714469685,0.241632870415318,299.120828243668,1.47947451188139
-0.926943101073772,1.8618600778636,0.130535219098413,3.30703042832619,0.858723821651602,0.139820318354842,173.564491667933,1.3512446706672
-1.06910751182748,-1.3420432666391,0.382415276959512,4.39339596597668,0.880333958328471,0.120023942047222,229.273131136212,1.40708230958382
-1.23897580160713,-0.510691404091616,-1.506208688383,3.79288991006805,0.839892592333116,0.15897491556014,299.020360878804,1.47936743133588
1.33309291836891,-1.29088346227933,-2.86987459572993,3.4996357067121,0.841055812711849,0.159097215012255,227.733163450998,1.4041053327456
-0.973585765683353,0.93343943520066,-0.831141217037703,5.30192556481505,0.988615217245907,0.0104656984512487,197.414755519963,1.37585690566398
-0.173733225422505,-1.25715275838081,-1.00437165415718,4.70040066756828,0.930360861360176,0.0708457559521494,-0.44010549281774,1.34908628021805
1.99930129660449,-0.976970760842587,-0.145459794946974,4.90634609354608,0.649353328915828,0.351038352595802,632.142173191087,1.81845264968844
3.05928360828034,0.0993521739823408,-1.55870722113487,6.01470101354953,0.85066413741213,0.15067010791964,446.493118915416,1.62528807782581
0.839523012278441,1.69586248674001,-1.05483029628725,5.2030441088869,0.969906189272271,0.0310423598066999,223.921305829405,1.40095535452026
-0.306150696813132,0.116030612541876,-1.45863878316814,5.19000951925061,0.871390892893861,0.127822704379431,-0.192642401035371,1.49933847754034
2.46870613501813,-1.12833857298032,-0.83107990213071,5.91081632536272,0.870223832555316,0.129960212148554,325.968182293496,1.50710320727144
0.200377822797758,-0.441279941112458,-0.550226086511345,3.99463570309968,0.941650942830581,0.0604209659053279,71.3077698100258,1.24913992034331
1.35403538941525,-0.82965014828945,0.584918053969295,4.08807621747629,0.821688535665906,0.178474774579871,358.301351534332,1.54057366979152
2.10184781156479,0.405758121451848,-0.477127429435816,5.0987786284828,0.810532024257506,0.190054730370094,436.791370065554,1.61569762355726
1.27477339483784,-0.562690454753411,-1.02420899848638,5.39038306475193,0.88991760550058,0.108878036038519,1.77669779705001,1.47921450827186
-1.44763586080868,-0.945398228971434,-0.142148550832251,3.19014892101611,0.820099916650024,0.180451508748178,258.440414638478,1.44089291013553
-0.662497882049096,0.0134602819931389,0.762151171928146,4.50189714857245,0.999868250931395,-0.00216146365357265,95.6720181640668,1.27612995756622
0.527618093042665,0.0228605059763336,0.523001336624227,4.68596690575588,0.849440486807109,0.147576472014519,410.942539092087,1.5929638443781
-0.279168564449105,0.156150603686575,-1.32463991939553,5.5076089484819,0.730805295474334,0.270297260596984,565.573492734925,1.74484451121948
0.148757380887244,-0.73922754311808,-0.677953900765771,4.70872434413875,0.729677364536665,0.26833617756543,555.369878439711,1.73326086278857
0.0396907037875726,-0.0981958497278718,1.50052925313329,5.7124684048129,0.669986019258477,0.327975501277047,-2.25901283184104,1.90055876530918
0.363884457254091,0.965918875480803,-0.509061983825708,6.00025729119755,0.809627441813623,0.191044868659401,395.871125683844,1.58125888403855
1.30906300936388,-0.300265935617831,0.391647711210851,3.92162905842182,0.997762694211713,-0.000595261116695158,95.7483229733254,1.27938570176419
-0.393582712603983,0.714550724444839,1.55987646518583,3.90791199677951,0.960006434332762,0.0406317144279552,97.5195559813445,1.27681813995367
-0.39543470614598,0.216723056565596,0.243602391692101,5.99644915927091,0.67039214813224,0.329775146670953,683.143279186351,1.860834910999
0.525340222723581,0.168020985165294,-0.22227416168926,4.59422657620873,0.86895538376602,0.129837901232876,306.518126922373,1.48676250111609
-0.504914021626903,-0.0204083393445975,1.42007423144671,5.69593293921764,0.648261281836149,0.349682321564939,744.52487443608,1.92774339630032
0.920803261776635,-0.726280758531572,0.653468670545418,5.21392101779892,0.809176582176048,0.187157175622719,419.836375842234,1.60356719991819
-1.15789249993886,0.0715347086983966,0.193333172748627,4.31492279473863,0.939669500145927,0.0596768213863606,138.103943286375,1.31669003870815
1.37295880388734,0.597699766776505,-0.998404180049134,5.91254592859705,0.891158060150572,0.110728127225736,332.515240904463,1.5162921236542
-0.203281811711857,-0.135016168042962,-0.771219626329757,4.07915560541983,0.778238269192137,0.219985700227273,434.883705995906,1.61986079679313
0.617709044475711,-0.535757262871256,1.6316587543384,5.30330114624019,0.890083989240839,0.110428459916272,316.894448211578,1.49451114065854
1.39136500674407,1.63955188108129,-0.157939751209572,3.51083778553827,0.658949217620861,0.338304871662295,371.575260585434,1.5512167734708
0.0898865555004913,0.100956721861214,0.499190519473285,5.20514754139499,0.828500236832662,0.168752649091537,441.827960029335,1.61696487904325
1.14942815553309,-0.989626596905481,0.0777368098866712,3.67831686774379,0.77994216185805,0.221112381304167,363.218788814031,1.54749690434832
-0.590692768850387,1.2886524333744,0.577531521843967,5.90413238210435,0.766208767865902,0.22925417097477,552.216327158816,1.73326094837436
-0.830267153948061,-0.659685324617366,-1.52494290329079,3.70297189020226,0.881781381649203,0.11959755612913,224.28698282528,1.4015818801085
-0.668367409053597,-1.2999248074516,0.101142743099877,5.2076306492782,0.84892058647956,0.152033831623305,464.958808463126,1.6426139537522
-2.81754160269637,1.36133303697307,-0.00680026455413054,4.70855785755715,0.889867211227817,0.109195626189094,300.770835797239,1.4786042941721
-0.483917123476632,-0.81074900462781,-0.361622322485293,5.09505920186951,0.850793776666997,0.151203014365449,487.225472909182,1.66662508337341
-1.21102383462783,-0.356527063570716,-0.151605954458971,4.80386625372327,0.74977139770149,0.248043685134036,572.368401878781,1.75236427728661
0.231898946975522,-0.653877566426552,0.57625783523161,3.60406906096611,0.839437196651162,0.160939475451396,323.239380214376,1.50340386133515
-0.455633164166364,-1.68813009758501,-0.694935716494214,3.01109797168342,0.859932406436747,0.141603821529736,191.074704620392,1.37225970001828
-1.07294791543399,-0.567179000747528,0.272690893336758,5.82881235318538,0.648458409847404,0.350215189628946,751.36143283159,1.92953995468645
1.05027173820878,0.466605859561086,0.17867419880066,3.49821546882044,0.81961691186291,0.180109772263705,214.324239398106,1.39824632057225
0.843297755740486,-1.5084895182485,-0.732006564116483,4.11584315087199,0.862132080924419,0.140773361576647,265.4358940856,1.44114146753685
0.725343078429748,-0.791047820064478,1.69496829258223,4.51597106728516,0.758957153095956,0.238655030988857,374.953899505138,1.55399728427573
-0.311955032773041,2.25626183592066,1.00612667607804,4.50774063675953,0.901002103873862,0.0969521353625623,204.828902665372,1.38982345940647
-0.737998914521103,-0.785457805604107,-1.05100419269963,3.2997748351127,0.8180206274175,0.179654110398226,2.40780139437068,1.42873805312882
-1.03596775615847,-0.877571931248237,0.746161432472526,4.78884508139818,0.769149222145767,0.228883387448734,461.862797419618,1.64388597707091
-0.134209901547139,0.564609460315309,1.04266501589497,3.19503955361593,0.939383109749885,0.060349728919503,-0.499948949617938,1.29386377495599
-0.254389572316426,-0.836133204437822,0.66843874200539,3.78962217719565,0.738983757225111,0.259192642473177,430.549783930721,1.60406662414776
-0.708440893324942,-0.0707890301208875,0.160141386207447,5.30431732700561,0.710315156732092,0.290895270022598,585.692094507502,1.76455401966587
-3.07328329008869,0.925663284598515,-1.34200161045003,5.61058940971334,0.890780493982806,0.110094440481503,389.70955517567,1.57460100252028
1.36014658217116,-1.5399798237239,0.17313089394966,5.41043754837865,0.811971852942156,0.190667062021322,400.629860170609,1.57637002971114
-2.05206183130532,-0.290096878941739,2.33936264445567,4.99704252426887,0.709963173033477,0.291129842384342,492.066697066922,1.67040773992357
0.998935267452032,-1.36853412011486,-0.157817943110249,4.79972656589172,0.709570379985547,0.289540609477891,528.34779093773,1.70670112260288
0.731198570602575,0.305061077741918,0.724156049922433,5.91088007398474,0.95030182808914,0.0507490942726377,187.926123605685,1.37367300819309
-0.813078375230853,-0.409837481336367,0.812094606485565,3.30453317745947,0.999342502770285,-0.000287401939838131,93.4098775381441,1.27622583838328
-0.96079894899122,-0.494240978143602,0.358064493135654,3.09069004552371,0.901829655454455,0.100896409632744,212.286181859063,1.39507779137416
1.17341797875856,-1.17653503794737,-1.28259776965711,6.0010958410142,0.930024953789856,0.0708218890349231,148.009396901853,1.3304076865025
0.115708524246392,0.429166504036793,0.0940401565940079,3.3954784947195,0.800228967322027,0.200764015268355,317.696368165807,1.49929536340449
0.31501112953458,-0.0857588295193901,0.446377413623234,3.60248743649882,0.721651650618267,0.280734428724007,429.63120387698,1.60663785869517
-0.687733623922608,-0.579524589487627,-0.247190328958608,4.59517958800522,0.66054460371247,0.342249686499171,3.83295772634772,1.76857082670673
-0.859390814202994,-0.604949993686911,-0.987821565045935,4.78932402459184,0.889218036833258,0.110246770429534,274.914889333272,1.45926255044871
-2.60669525423676,-0.418990549428023,0.751716346853497,3.79300451897057,0.937662423800392,0.0601380017056219,119.220799508885,1.29930181242785
0.748287654680793,0.257314885868046,0.605750527482075,4.99963971952529,0.650278008987811,0.351092099901342,651.776771597851,1.8327959107643
-0.368537735108088,-0.609253192198408,-1.27487344144115,5.89693362011792,0.668817205552346,0.32847046523838,700.219895584448,1.8820860473588
1.85307084235476,0.305037352260252,-0.57001442431948,4.30925277399177,0.67959063578411,0.320724039370198,532.732048940905,1.70761249762743
-0.112169976999247,1.42276352903354,0.269324559766777,4.48802373220682,0.720683707398842,0.279615090247021,448.211357970265,1.62243702872255
0.821458480351847,-0.500201814529646,-0.591179145944574,4.90115827864705,0.928633398542333,0.0715059610594739,0.839378978697831,1.31985393643435
1.14213637393114,-1.81493042969379,-0.330210693621008,3.10322939110224,0.700282272370257,0.29918695717151,443.374367163337,1.61806563089036
-0.205393332440616,-0.688757187800363,-1.08472381505945,5.59316313249798,0.851505076563693,0.150538442390638,522.868205727049,1.70737065749815
0.152843880066337,0.46770261547924,-0.0899545522201749,3.29154583378675,0.878668052310188,0.120181382292945,180.677081567065,1.36248041102734
-0.0336092244086078,-1.70222622821944,-0.761562164828771,3.20008458277953,1.00008062866131,-0.00171309313890405,120.480333620109,1.29954198688846
-0.00125107655169175,-0.463793658113146,-0.565261741378471,3.00508602716152,0.841515783097595,0.160618781786926,220.285978640021,1.40252029161673
-0.238530694577429,-0.816879674784821,2.28073677199153,4.30434469160018,0.701140190135411,0.300778244691326,555.289886416264,1.73884144927571
0.56286047903249,-1.89980503628412,2.19349173396668,3.59269467355538,0.759141446715876,0.24103541738832,357.559090551829,1.5410969916859
1.291920355012,1.03445784218605,0.672860872741925,3.90542398504491,0.780320167554934,0.221065417601705,352.056874384848,1.53459554438457
-1.50837953704548,-0.773199222060728,-3.41837195799145,5.19291665655642,0.649411145442872,0.350206535506998,681.142375649494,1.86405573081874
-0.509719127660722,-0.885540170747514,0.143931247679676,3.00160862805071,0.881226731415543,0.119990835803313,164.57417302405,1.34536897885898
-0.401927132297768,-1.25160238271794,2.35400033389176,4.01644724078996,0.859919412263578,0.140859280588576,165.575038672953,1.3435519062618
0.0984656302897347,-0.908191295058611,-0.0518259851697947,4.51097589106594,0.919532218503012,0.0764506324417355,84.9273406529801,1.26762150207554
-1.5673663386539,-1.55050401231361,1.24798711115571,5.79808496754753,0.869754634532137,0.130031213398079,345.550638359625,1.52459207233381
-1.8198723378699,-0.939535163809465,0.665073856962469,3.09866075469719,0.779609937613109,0.221335748197768,327.410038817695,1.50144825647743
-0.0215696332450524,0.0945963731810411,-0.0112177106794845,4.19094495519302,0.858679651933725,0.139985452091094,248.672560528677,1.42852803848199
-0.918445128513538,-0.242107612556444,0.981052934225277,5.99782429787919,0.770421055537938,0.230402192247087,526.677615111821,1.70477011189656
-0.779652277110672,0.358569879324916,0.661376813910583,5.09317513603466,0.988537097690011,0.00810017766204929,250.179659242215,1.43346144414041
-0.415308155721817,-1.62287354689425,-1.91394629661045,4.5985526453613,0.740416540026594,0.260135995539258,574.571149866818,1.75425809837052
-0.839063130445451,-1.43872351085501,0.498161779051951,5.99686735396682,0.910335093541064,0.089646083260074,139.447971299956,1.32283798280203
0.26869986546894,-1.50374074814371,1.26625348330403,3.5968162246735,0.880358363452277,0.12072082912299,234.488208705215,1.41858973069881
-0.537554461201003,-0.651328900961739,0.55973548336064,4.30213815109518,0.71894283283891,0.279230256995382,476.799749640886,1.65068038189467
0.215327997072126,-0.29715293509087,1.06949370173051,4.00206244155705,0.800485127300602,0.199419871933537,1.10529180284076,1.54008379753803
-0.601406180424418,-0.90162240280707,0.666519463260437,5.01434397971328,0.949968009817829,0.0513432660408794,118.835492847573,1.29521547928447
-1.32443492534116,0.489781119494773,-0.279873981593098,3.59514863044115,0.980616712942734,0.0204245455190908,160.066433787895,1.34284034558695
0.814754576866855,0.362714100587704,0.536536006205295,4.29693676666347,0.979176690494042,0.019637958614709,-1.15846194761429,1.31895894524713
-0.739708476436931,0.977627033490731,-0.0699871761388259,4.00371589573811,0.761115652657028,0.239530943151059,318.896398211666,1.49989393769744
-0.438394483484707,0.31190931958894,-0.242402688587686,5.62093627316535,0.709436952776422,0.291529423106316,650.765373963879,1.83031648873194
0.743219538954224,-0.815504296885613,-1.41705720415169,5.09687982531076,0.769993489094996,0.229084418994156,535.355463881411,1.7185854247455
-0.0550274911988986,-1.46703863011099,-0.17046864028886,4.20377122675634,0.759271512662894,0.240333894681487,2.04920552588178,1.59074166281555
0.538140300073432,0.641038844401244,0.892549657553279,3.80523354210588,0.798805983799984,0.200925357290493,382.641294009771,1.56034465030075
0.969500763514362,0.890356125996352,-0.405333798915249,4.09212376782965,0.741076142144075,0.260824473171802,507.755741293112,1.68838582566778
-0.681546720065746,-0.423656486702145,0.74510513435123,5.69136614587299,0.749340610057107,0.249963625232279,698.41734971562,1.87691209049208
0.0304415117834466,0.969686784761445,0.742454886507073,6.0072550045489,0.96871003219676,0.0319102684768105,-0.780190541078777,1.33896310639452
-0.584097490360824,-0.0288307544851107,-0.193824406768871,4.60196525071368,0.819507958898763,0.17950704753371,403.499983554428,1.58997126032041
-0.764870237285054,-0.596602492418876,2.42906095447657,4.80343634117936,0.988925024530944,0.00858501374484211,161.484088775124,1.34292450963505
-0.50812320266777,-0.514957007168264,1.08932147337843,4.39137009287875,0.679400227624598,0.319532889520437,526.570920565631,1.70700873571414
-0.00389492463436149,-1.09683705581698,-0.150896944417932,3.80014814059831,0.881408641262037,0.120377302747884,1.44049306546441,1.39072082787873
-0.346620597507327,2.01674360701048,-0.0420393197684727,5.40861348982076,0.870818918196497,0.130648908824806,287.008526513992,1.46461942865064
-0.102195706146571,-0.0774913283524476,1.41015730497795,3.51689807104339,1.00146562082258,0.00165423137853409,60.3431102869232,1.23347014475408
-0.268142175876552,-0.394837960238979,-0.304142139455207,4.20507488378369,0.779128727153647,0.219880647814038,423.484440376673,1.60388479686427
-1.27894991621108,-1.38811252777407,-0.587771837258664,4.89686258666544,0.810226165567923,0.189214575772978,365.86638220413,1.54461882910185
2.38961243538155,-0.25395017726818,0.115051439889276,3.09125488115892,0.839588502206474,0.160691713150773,277.407204597569,1.4556025374724
-0.464066590049231,1.85169349851554,-1.53597940418221,4.69155482457302,0.769309318085653,0.22898307875887,473.321586791846,1.65668417157676
-1.26966812396206,0.436903217102121,-0.683331779816942,4.5115534092101,0.818408317387541,0.180172565910684,302.552383553839,1.48127419954048
-1.32117730969823,-0.00253206245181276,-0.48623546121927,5.79146035613721,0.970186287798613,0.0310269722452662,220.062853422215,1.4016941116941
0.578687628258625,-0.137415536605878,-2.39953806312811,3.30966409212659,0.679849238070143,0.320295180282306,401.983016461385,1.58213321477842
1.41949444225245,0.898313045328683,-0.933590889187084,5.40307798235524,0.929448252325615,0.0705937569879878,165.547390194757,1.3442583935975
-1.68684032747598,0.428307240464844,-0.0762460972684233,5.89434116202479,0.691590214748969,0.310363358141199,722.182335728168,1.90489165774206
-0.539874699265755,-1.01140059236419,-1.10045192723974,3.80846392362532,0.660422569747239,0.340250590781337,446.1839449994,1.62746685065707
-0.730632788203882,-0.0763846214926089,0.935930738246153,3.19584976944137,0.900911047650862,0.10091895193257,202.400949710287,1.38021581490774
-0.437952088983886,-0.596267311901157,-0.0109648949742456,4.39260966476568,0.700677534438897,0.300774790791343,551.728160941622,1.73085337559133
0.0642190606625341,-1.68821222884098,-0.0601470815732518,5.09533924880612,0.672816444983394,0.329164236580169,670.489913441494,1.84628607587706
0.309477463430115,0.622385752311456,1.35177688359659,4.39208074238664,0.859047051234256,0.140737208641669,221.424891687674,1.4021849702016
1.6863954229519,-2.34504907586927,0.388835054181288,5.00124025506906,0.730406487458986,0.271870513482472,518.481536167238,1.69965840790019
1.4787721089397,0.109266155372746,2.39745051671946,4.59529196731207,0.993133130606398,0.0100367968947937,205.781721102233,1.38565690353381
-0.00528797544014865,-0.290391375497862,0.290082013606121,4.19258500436368,0.839632150394778,0.160403173068616,366.17238649856,1.54344374033472
-0.448119507224286,-0.300069213492653,-1.43533646855786,4.70445664209915,0.671470868004804,0.330868206974306,594.273311243566,1.7758283216464
0.293410802318678,0.043941829694681,-1.11994088207353,3.69940296853332,0.978897132937342,0.0185200986679972,-0.423262769223573,1.3203072497752
-0.0559153296190453,0.193145522917844,-0.191021810850488,4.78211770280589,0.868222801956689,0.13022217040514,275.58996547809,1.45627343537749
0.719648733383746,-0.489654914641982,1.96868669422322,5.30029064741137,0.869365731002001,0.130811686672544,305.461995010864,1.48589871655249
0.137259086429932,0.109533044559941,0.108745434844589,4.9042067630269,0.769451977584663,0.228672338299298,455.749656609889,1.63231581203573
0.568912437055466,1.00892150342923,0.606263495493888,3.50856322710715,0.920271503306178,0.0801901930271363,46.8370074531495,1.22308528626216
-0.644034834599619,0.837241665284347,-0.95441658126934,5.68333379983331,0.708711430672853,0.288690759109968,641.795524036194,1.82042299682368
-0.235853463716518,-0.859854615900741,0.652560547490211,3.1182162562355,0.880027558000861,0.116913109092418,1.64371895630588,1.38322437612982
-0.53509824065979,-0.317111493836067,-0.740594943698734,3.08993315738893,0.760540174912599,0.239293258964225,0.0629929948184542,1.48899071840976
0.020912601192964,-0.354699133897288,1.89418365823936,3.59648742724641,0.939530418230897,0.0615097698233052,141.208074492175,1.32962261471037
0.503810419432448,0.688369548556798,0.443221497900583,5.58538230418629,0.810795800202501,0.191133747769646,-0.525555438606148,1.66976022855511
